cst_id,cst_key,cst_firstname,cst_lastname,cst_marital_status,cst_gndr,cst_create_date
12001,AW00012001,Shannon,Yang,S,,2025-10-08
12002,AW00012002,Adriana,Lopez,S,,2025-10-08
12003,AW00012003,Audrey,Munoz,S,,2025-10-08
12004,AW00012004,Jarrod,Suri,S,,2025-10-08
12005,AW00012005,Gilbert,Shen,M,,2025-10-08
12006,AW00012006,Richard,Blue,M,,2025-10-08
12007,AW00012007,Shannon,Sun,M,,2025-10-08
12008,AW00012008,Sharon,Yuan,M,,2025-10-08
12009,AW00012009,Ann,Martinez,S,,2025-10-08
12010,AW00012010,Max,Serrano,M,,2025-10-08
12011,AW00012011,Morgan,Johnson,S,,2025-10-08
12012,AW00012012,Monica,Schmidt,M,,2025-10-08
12013,AW00012013,Kayla,Lewis,S,,2025-10-08
12014,AW00012014,Devin,Sanders,M,,2025-10-08
12015,AW00012015,Jacob,White,S,,2025-10-08
12016,AW00012016,Meredith,Serrano,S,,2025-10-08
12017,AW00012017,David,Simmons,M,,2025-10-08
12018,AW00012018,Devin,Henderson,M,,2025-10-08
12019,AW00012019,Gabrielle,Cox,S,,2025-10-08
12020,AW00012020,Olivia,Rogers,M,,2025-10-08
12021,AW00012021,Deborah,Yuan,S,,2025-10-08
12022,AW00012022,Jose,Wright,S,,2025-10-08
12023,AW00012023,Fernando,Johnson,S,,2025-10-08
12024,AW00012024,Samuel,Edwards,S,,2025-10-08
12025,AW00012025,Logan,Diaz,M,,2025-10-08
12026,AW00012026,Lucas,Flores,M,,2025-10-08
12027,AW00012027,Haley,Wood,M,,2025-10-08
12028,AW00012028,Sarah,Lewis,S,,2025-10-08
12029,AW00012029,Damien,Hu,M,,2025-10-08
12030,AW00012030,Ana,Washington,S,,2025-10-08
12031,AW00012031,Logan,Jai,S,,2025-10-08
12032,AW00012032,Tyler,Taylor,S,,2025-10-08
12033,AW00012033,Kristen,Guo,S,,2025-10-08
12034,AW00012034,Julian,Long,M,,2025-10-08
12035,AW00012035,Gerald,Prasad,M,,2025-10-08
12036,AW00012036,Summer,Lopez,M,,2025-10-08
12037,AW00012037,Patricia,Chapman,S,,2025-10-08
12038,AW00012038,George,Vance,S,,2025-10-08
12039,AW00012039,Ricardo,Nath,M,,2025-10-08
12040,AW00012040,Richard,Torres,M,,2025-10-08
12041,AW00012041,Seth,Martin,M,,2025-10-08
12042,AW00012042,Alex,Carter,M,,2025-10-08
12043,AW00012043,Carson,Patterson,M,,2025-10-08
12044,AW00012044,Madeline,Lopez,S,,2025-10-08
12045,AW00012045,Luis,Russell,S,,2025-10-08
12046,AW00012046,Alexa,Cook,S,,2025-10-08
12047,AW00012047,Alexandra,Davis,S,,2025-10-08
12048,AW00012048,Kayla,Coleman,S,,2025-10-08
12049,AW00012049,Angela,Russell,S,,2025-10-08
12050,AW00012050,Aaron,Young,S,,2025-10-08
12051,AW00012051,Isaiah,Scott,S,,2025-10-08
12052,AW00012052,Makayla,Ward,S,,2025-10-08
12053,AW00012053,Cedric,Gao,S,,2025-10-08
12054,AW00012054,Luke,Diaz,M,,2025-10-08
12055,AW00012055,Arianna,Richardson,M,,2025-10-08
12056,AW00012056,Ian,Ward,M,,2025-10-08
12057,AW00012057,Madeline,Collins,M,,2025-10-08
12058,AW00012058,Chloe,Nelson,M,,2025-10-08
12059,AW00012059,Jason,Jenkins,M,,2025-10-08
12060,AW00012060,Andrew,Wedge,S,,2025-10-08
12061,AW00012061,Bryce,Brooks,M,,2025-10-08
12062,AW00012062,Edward,Long,M,,2025-10-08
12063,AW00012063,Xavier,Martinez,M,,2025-10-08
12064,AW00012064,John,White,S,,2025-10-08
12065,AW00012065,Isaiah,Collins,M,,2025-10-08
12066,AW00012066,Wyatt,Powell,M,,2025-10-08
12067,AW00012067,Aaron,Bryant,S,,2025-10-08
12068,AW00012068,Maria,Jenkins,S,,2025-10-08
12069,AW00012069,Garrett,Kelly,M,,2025-10-08
12070,AW00012070,Luke,Ross,M,,2025-10-08
12071,AW00012071,Robert,Robinson,M,,2025-10-08
12072,AW00012072,Tristan,Ross,M,,2025-10-08
12073,AW00012073,Thomas,Rodriguez,M,,2025-10-08
12074,AW00012074,Megan,Jenkins,S,,2025-10-08
12075,AW00012075,Cameron,Griffin,S,,2025-10-08
12076,AW00012076,Chloe,Washington,M,,2025-10-08
12077,AW00012077,Nicole,Sandberg,S,,2025-10-08
12078,AW00012078,Jose,Edwards,M,,2025-10-08
12079,AW00012079,Nathaniel,Cooper,M,,2025-10-08
12080,AW00012080,Grace,Sanchez,S,,2025-10-08
12081,AW00012081,Kaitlyn,Perez,S,,2025-10-08
12082,AW00012082,Lauren,Sanchez,M,,2025-10-08
12083,AW00012083,Kayla,Alexander,M,,2025-10-08
12084,AW00012084,Aidan,Perry,M,,2025-10-08
12085,AW00012085,Tyler,Rodriguez,M,,2025-10-08
12086,AW00012086,Emily,Clark,S,,2025-10-08
12087,AW00012087,Sean,Cook,S,,2025-10-08
12088,AW00012088,Lauren,Thompson,S,,2025-10-08
12089,AW00012089,Nathaniel,Richardson,M,,2025-10-08
12090,AW00012090,Savannah,Carter,M,,2025-10-08
12091,AW00012091,Eddie,Munoz,M,,2025-10-08
12092,AW00012092,Austin,White,M,,2025-10-08
12093,AW00012093,Levi,Chandra,M,,2025-10-08
12094,AW00012094,Bailey,Bailey,M,,2025-10-08
12095,AW00012095,Austin,Griffin,M,,2025-10-08
12096,AW00012096,Caitlin,Brooks,M,,2025-10-08
12097,AW00012097,Sean,Allen,S,,2025-10-08
12098,AW00012098,Grace,Clark,S,,2025-10-08
12099,AW00012099,Sydney,Hall,S,,2025-10-08
12100,AW00012100,Jon,Sun,S,,2025-10-08
12101,AW00012101,Logan,Patterson,S,,2025-10-08
12102,AW00012102,Devin,Simmons,M,,2025-10-08
12103,AW00012103,Chloe,White,M,,2025-10-08
12104,AW00012104,Mariah,Ross,M,,2025-10-08
12105,AW00012105,Abigail,Foster,S,,2025-10-08
12106,AW00012106,Isaiah,Baker,M,,2025-10-08
12107,AW00012107,Nathan,Gonzales,M,,2025-10-08
12108,AW00012108,James,Walker,M,,2025-10-08
12109,AW00012109,Morgan,Foster,S,,2025-10-08
12110,AW00012110,Bianca,Guo,M,,2025-10-08
12111,AW00012111,Jacqueline,Gonzales,M,,2025-10-08
12112,AW00012112,Arianna,Henderson,M,,2025-10-08
12113,AW00012113,Nathan,Hughes,M,,2025-10-08
12114,AW00012114,Charles,Richardson,M,,2025-10-08
12115,AW00012115,Chloe,Richardson,S,,2025-10-08
12116,AW00012116,Amanda,Gray,S,,2025-10-08
12117,AW00012117,Cameron,Yang,M,,2025-10-08
12118,AW00012118,Miguel,Sanchez,M,,2025-10-08
12119,AW00012119,Keith,Raje,M,,2025-10-08
12120,AW00012120,Xavier,Simmons,M,,2025-10-08
12121,AW00012121,Logan,Wilson,S,,2025-10-08
12122,AW00012122,Destiny,Coleman,M,,2025-10-08
12123,AW00012123,Wesley,Liang,M,,2025-10-08
12124,AW00012124,Brandi,Gill,S,,2025-10-08
12125,AW00012125,Diana,Ortega,M,,2025-10-08
12126,AW00012126,Tammy,Raman,M,,2025-10-08
12127,AW00012127,Grace,Davis,M,,2025-10-08
12128,AW00012128,Kristy,Munoz,M,,2025-10-08
12129,AW00012129,Wendy,Alvarez,M,,2025-10-08
12130,AW00012130,Suzanne,Zhou,S,,2025-10-08
12131,AW00012131,Randall,Dominguez,M,,2025-10-08
12132,AW00012132,Kaitlyn,Henderson,M,,2025-10-08
12133,AW00012133,Colleen,Xie,M,,2025-10-08
12134,AW00012134,Hector,Alonso,M,,2025-10-08
12135,AW00012135,Fernando,Taylor,M,,2025-10-08
12136,AW00012136,Blake,Turner,M,,2025-10-08
12137,AW00012137,Jack,Green,M,,2025-10-08
12138,AW00012138,Colin,Jai,M,,2025-10-08
12139,AW00012139,Franklin,Yang,M,,2025-10-08
12140,AW00012140,Oscar,Russell,S,,2025-10-08
12141,AW00012141,Kaitlyn,Lee,S,,2025-10-08
12142,AW00012142,Gabriella,Torres,S,,2025-10-08
12143,AW00012143,Logan,Turner,M,,2025-10-08
12144,AW00012144,Kelly,Jenkins,M,,2025-10-08
12145,AW00012145,Brandon,Butler,M,,2025-10-08
12146,AW00012146,Xavier,Thomas,S,,2025-10-08
12147,AW00012147,Taylor,Patterson,M,,2025-10-08
12148,AW00012148,Gabrielle,Morris,S,,2025-10-08
12149,AW00012149,Bailey,Scott,M,,2025-10-08
12150,AW00012150,Logan,Wang,M,,2025-10-08
12151,AW00012151,Steven,Kelly,M,,2025-10-08
12152,AW00012152,Adrian,Ramirez,M,,2025-10-08
12153,AW00012153,Kaitlyn,Bailey,S,,2025-10-08
12154,AW00012154,Hailey,Adams,S,,2025-10-08
12155,AW00012155,Gabriella,Lopez,S,,2025-10-08
12156,AW00012156,Bonnie,Raji,M,,2025-10-08
12157,AW00012157,William,White,M,,2025-10-08
12158,AW00012158,Kyle,Phillips,M,,2025-10-08
12159,AW00012159,Kaitlyn,Scott,M,,2025-10-08
12160,AW00012160,Jaclyn,Zhang,S,,2025-10-08
12161,AW00012161,Alexandria,Rogers,M,,2025-10-08
12162,AW00012162,Luke,Mitchell,S,,2025-10-08
12163,AW00012163,Aaron,Wang,S,,2025-10-08
12164,AW00012164,Noah,Butler,M,,2025-10-08
12165,AW00012165,Caleb,Flores,M,,2025-10-08
12166,AW00012166,Jared,Rogers,M,,2025-10-08
12167,AW00012167,Sebastian,Stewart,S,,2025-10-08
12168,AW00012168,Hunter,Jackson,M,,2025-10-08
12169,AW00012169,Abigail,Howard,S,,2025-10-08
12170,AW00012170,Sara,Reed,M,,2025-10-08
12171,AW00012171,Alyssa,Cooper,S,,2025-10-08
12172,AW00012172,Eduardo,Alexander,S,,2025-10-08
12173,AW00012173,Dalton,Edwards,M,,2025-10-08
12174,AW00012174,Charles,Phillips,M,,2025-10-08
12175,AW00012175,Luke,Powell,S,,2025-10-08
12176,AW00012176,Cody,James,S,,2025-10-08
12177,AW00012177,Kevin,Campbell,S,,2025-10-08
12178,AW00012178,Ethan,Shan,M,,2025-10-08
12179,AW00012179,Alexis,Jones,S,,2025-10-08
12180,AW00012180,Holly,Mehta,S,,2025-10-08
12181,AW00012181,Katelyn,Sanders,M,,2025-10-08
12182,AW00012182,Erin,Torres,M,,2025-10-08
12183,AW00012183,Emily,Robinson,M,,2025-10-08
12184,AW00012184,Isaiah,Perez,M,,2025-10-08
12185,AW00012185,Kaitlyn,Patterson,S,,2025-10-08
12186,AW00012186,Bryant,Srini,S,,2025-10-08
12187,AW00012187,Ruben,Subram,M,,2025-10-08
12188,AW00012188,Ashley,Thomas,S,,2025-10-08
12189,AW00012189,Sophia,Wright,M,,2025-10-08
12190,AW00012190,Justin,Gonzales,S,,2025-10-08
12191,AW00012191,Melissa,Washington,M,,2025-10-08
12192,AW00012192,Jocelyn,Hayes,S,,2025-10-08
12193,AW00012193,Caleb,Simmons,S,,2025-10-08
12194,AW00012194,Destiny,Foster,S,,2025-10-08
12195,AW00012195,Erin,Morris,S,,2025-10-08
12196,AW00012196,Alexis,Miller,S,,2025-10-08
12197,AW00012197,Adam,Hernandez,M,,2025-10-08
12198,AW00012198,Noah,Scott,M,,2025-10-08
12199,AW00012199,Christina,Richardson,S,,2025-10-08
12200,AW00012200,Rafael,Sharma,M,,2025-10-08
12201,AW00012201,Mindy,Yuan,M,,2025-10-08
12202,AW00012202,Xavier,Ross,M,,2025-10-08
12203,AW00012203,Zachary,Hughes,M,,2025-10-08
12204,AW00012204,Bradley,Jai,M,,2025-10-08
12205,AW00012205,Madison,Long,S,,2025-10-08
12206,AW00012206,Sierra,Parker,M,,2025-10-08
12207,AW00012207,Samuel,Hill,S,,2025-10-08
12208,AW00012208,Dominique,Sanchez,M,,2025-10-08
12209,AW00012209,Mindy,Jai,M,,2025-10-08
12210,AW00012210,Alan,He,M,,2025-10-08
12211,AW00012211,Victor,Romero,M,,2025-10-08
12212,AW00012212,Shawna,Xie,M,,2025-10-08
12213,AW00012213,Alejandro,Lal,M,,2025-10-08
12214,AW00012214,Julie,Raje,M,,2025-10-08
12215,AW00012215,Karla,She,M,,2025-10-08
12216,AW00012216,Gerald,Rodriguez,M,,2025-10-08
12217,AW00012217,Kyle,Roberts,M,,2025-10-08
12218,AW00012218,Mitchell,Xu,M,,2025-10-08
12219,AW00012219,Kurt,Nara,M,,2025-10-08
12220,AW00012220,Virginia,Sara,M,,2025-10-08
12221,AW00012221,Brandi,Ruiz,M,,2025-10-08
12222,AW00012222,Jenny,Xu,M,,2025-10-08
12223,AW00012223,Felicia,Vazquez,M,,2025-10-08
12224,AW00012224,Tristan,Henderson,M,,2025-10-08
12225,AW00012225,Kathleen,Ortega,M,,2025-10-08
12226,AW00012226,Faith,Ward,M,,2025-10-08
12227,AW00012227,Kelsey,Raje,M,,2025-10-08
12228,AW00012228,Mayra,Martinez,M,,2025-10-08
12229,AW00012229,Kari,Gomez,M,,2025-10-08
12230,AW00012230,Wesley,Zheng,M,,2025-10-08
12231,AW00012231,Isabelle,Patterson,S,,2025-10-08
12232,AW00012232,Sean,Hernandez,S,,2025-10-08
12233,AW00012233,Jerry,Yuan,M,,2025-10-08
12234,AW00012234,Clarence,Zeng,M,,2025-10-08
12235,AW00012235,Donna,Rai,M,,2025-10-08
12236,AW00012236,Kendra,Gill,M,,2025-10-08
12237,AW00012237,Ruth,Madan,M,,2025-10-08
12238,AW00012238,Monica,Raman,M,,2025-10-08
12239,AW00012239,Alberto,Ramos,M,,2025-10-08
12240,AW00012240,Clayton,Sharma,S,,2025-10-08
12241,AW00012241,Kristine,Sandberg,S,,2025-10-08
12242,AW00012242,Gilbert,Liang,S,,2025-10-08
12243,AW00012243,Kristy,Rubio,S,,2025-10-08
12244,AW00012244,Amy,Huang,M,,2025-10-08
12245,AW00012245,Francisco,Gonzalez,S,,2025-10-08
12246,AW00012246,Shawn,Luo,M,,2025-10-08
12247,AW00012247,Brandy,Raman,S,,2025-10-08
12248,AW00012248,Devin,Taylor,S,,2025-10-08
12249,AW00012249,Jessie,Cai,M,,2025-10-08
12250,AW00012250,Andrea,Collins,S,,2025-10-08
12251,AW00012251,Troy,Suri,M,,2025-10-08
12252,AW00012252,Omar,Liu,M,,2025-10-08
12253,AW00012253,Jenny,Sun,S,,2025-10-08
12254,AW00012254,Calvin,Deng,S,,2025-10-08
12255,AW00012255,Robyn,Alvarez,S,,2025-10-08
12256,AW00012256,Wendy,Ramos,M,,2025-10-08
12257,AW00012257,Ross,Ruiz,M,,2025-10-08
12258,AW00012258,Jamie,Li,M,,2025-10-08
12259,AW00012259,Cindy,Madan,M,,2025-10-08
12260,AW00012260,Melinda,Romero,M,,2025-10-08
12261,AW00012261,Kaitlin,Sanchez,M,,2025-10-08
12262,AW00012262,Morgan,Sanchez,M,,2025-10-08
12263,AW00012263,Emmanuel,Garcia,S,,2025-10-08
12264,AW00012264,Bruce,Ashe,S,,2025-10-08
12265,AW00012265,Alan,Guo,S,,2025-10-08
12266,AW00012266,Tiffany,Lin,M,,2025-10-08
12267,AW00012267,Clifford,Garcia,S,,2025-10-08
12268,AW00012268,Edwin,Shan,M,,2025-10-08
12269,AW00012269,Warren,Zheng,M,,2025-10-08
12270,AW00012270,Ebony,Ramos,S,,2025-10-08
12271,AW00012271,Tyrone,Hernandez,M,,2025-10-08
12272,AW00012272,Justin,Alexander,M,,2025-10-08
12273,AW00012273,Nelson,Carlson,M,,2025-10-08
12274,AW00012274,Javier,Torres,S,,2025-10-08
12275,AW00012275,Adriana,Madan,S,,2025-10-08
12276,AW00012276,Alisha,Shan,M,,2025-10-08
12277,AW00012277,Beth,Ortega,S,,2025-10-08
12278,AW00012278,Meredith,Johnsen,S,,2025-10-08
12279,AW00012279,Mathew,Suarez,M,,2025-10-08
12280,AW00012280,Theresa,Alvarez,M,,2025-10-08
12281,AW00012281,Janelle,Sanchez,M,,2025-10-08
12282,AW00012282,Nicolas,Tang,S,,2025-10-08
12283,AW00012283,Todd,Zeng,S,,2025-10-08
12284,AW00012284,Cristina,Beck,M,,2025-10-08
12285,AW00012285,Bethany,Chande,S,,2025-10-08
12286,AW00012286,Nathan,Jenkins,S,,2025-10-08
12287,AW00012287,Andre,Arun,S,,2025-10-08
12288,AW00012288,Sara,Brooks,M,,2025-10-08
12289,AW00012289,Joseph,Taylor,S,,2025-10-08
12290,AW00012290,Kaylee,Morris,S,,2025-10-08
12291,AW00012291,Johnathan,Suri,S,,2025-10-08
12292,AW00012292,Nicolas,Kumar,M,,2025-10-08
12293,AW00012293,Tammy,Garcia,M,,2025-10-08
12294,AW00012294,Shane,Kovar,M,,2025-10-08
12295,AW00012295,Dwayne,Gomez,S,,2025-10-08
12296,AW00012296,Francisco,Sara,M,,2025-10-08
12297,AW00012297,Felicia,Blanco,S,,2025-10-08
12298,AW00012298,Crystal,Zeng,S,,2025-10-08
12299,AW00012299,Walter,Serrano,M,,2025-10-08
12300,AW00012300,Adriana,Gonzalez,S,,2025-10-08
12301,AW00012301,Nichole,Nara,S,,2025-10-08
12302,AW00012302,Kevin,Coleman,M,,2025-10-08
12303,AW00012303,Kristi,Alvarez,M,,2025-10-08
12304,AW00012304,Alejandro,Zhou,S,,2025-10-08
12305,AW00012305,Xavier,Bailey,M,,2025-10-08
12306,AW00012306,Logan,Parker,M,,2025-10-08
12307,AW00012307,Brad,She,M,,2025-10-08
12308,AW00012308,Margaret,He,M,,2025-10-08
12309,AW00012309,Omar,Raje,S,,2025-10-08
12310,AW00012310,Stacy,Munoz,S,,2025-10-08
12311,AW00012311,Stanley,Weber,S,,2025-10-08
12312,AW00012312,Jake,Zhao,M,,2025-10-08
12313,AW00012313,Jaime,Chande,S,,2025-10-08
12314,AW00012314,Jill,Suarez,M,,2025-10-08
12315,AW00012315,Ann,Rodriguez,M,,2025-10-08
12316,AW00012316,Alejandro,Luo,M,,2025-10-08
12317,AW00012317,Carl,She,M,,2025-10-08
12318,AW00012318,Kristina,Schmidt,M,,2025-10-08
12319,AW00012319,Shannon,Ye,M,,2025-10-08
12320,AW00012320,Cheryl,Alvarez,S,,2025-10-08
12321,AW00012321,Rosa,Hu,M,,2025-10-08
12322,AW00012322,Kari,Mehta,M,,2025-10-08
12323,AW00012323,Lawrence,Alonso,M,,2025-10-08
12324,AW00012324,Dale,Lal,S,,2025-10-08
12325,AW00012325,Gloria,Martin,M,,2025-10-08
12326,AW00012326,Glenn,Zhou,S,,2025-10-08
12327,AW00012327,Edwin,Liang,S,,2025-10-08
12328,AW00012328,Eugene,Zhao,S,,2025-10-08
12329,AW00012329,Bonnie,Shan,S,,2025-10-08
12330,AW00012330,Preston,Raman,M,,2025-10-08
12331,AW00012331,Meagan,Chandra,S,,2025-10-08
12332,AW00012332,Andres,Nara,M,,2025-10-08
12333,AW00012333,Terrance,Rodriguez,M,,2025-10-08
12334,AW00012334,Roy,Jimenez,M,,2025-10-08
12335,AW00012335,Francisco,Ashe,S,,2025-10-08
12336,AW00012336,Wyatt,Price,S,,2025-10-08
12337,AW00012337,Dustin,Goldstein,S,,2025-10-08
12338,AW00012338,Monica,Vance,S,,2025-10-08
12339,AW00012339,Clayton,Jai,S,,2025-10-08
12340,AW00012340,Stacy,Diaz,S,,2025-10-08
12341,AW00012341,Katie,Kumar,M,,2025-10-08
12342,AW00012342,Morgan,Young,M,,2025-10-08
12343,AW00012343,Gloria,Ruiz,M,,2025-10-08
12344,AW00012344,Dominique,Perez,S,,2025-10-08
12345,AW00012345,Alison,Raje,S,,2025-10-08
12346,AW00012346,Wesley,Gao,S,,2025-10-08
12347,AW00012347,Summer,Madan,M,,2025-10-08
12348,AW00012348,Jimmy,Vazquez,M,,2025-10-08
12349,AW00012349,Lacey,Yuan,S,,2025-10-08
12350,AW00012350,Logan,Hernandez,M,,2025-10-08
12351,AW00012351,Cara,Zhang,M,,2025-10-08
12352,AW00012352,Ramon,Zhang,M,,2025-10-08
12353,AW00012353,Joe,Ramos,M,,2025-10-08
12354,AW00012354,Lance,Ortega,M,,2025-10-08
12355,AW00012355,Monique,Ortega,S,,2025-10-08
12356,AW00012356,Julia,Wood,S,,2025-10-08
12357,AW00012357,Susan,Lu,S,,2025-10-08
12358,AW00012358,Lacey,Raje,M,,2025-10-08
12359,AW00012359,Veronica,Raman,M,,2025-10-08
12360,AW00012360,Mario,Goel,S,,2025-10-08
12361,AW00012361,Dana,Diaz,M,,2025-10-08
12362,AW00012362,Thomas,Harrison,S,,2025-10-08
12363,AW00012363,Kayla,Thompson,M,,2025-10-08
12364,AW00012364,Erin,Rogers,M,,2025-10-08
12365,AW00012365,Alex,Evans,M,,2025-10-08
12366,AW00012366,Stephanie,Cox,M,,2025-10-08
12367,AW00012367,Trinity,Townsend,S,,2025-10-08
12368,AW00012368,Rodney,Rubio,S,,2025-10-08
12369,AW00012369,Terrence,Lal,S,,2025-10-08
12370,AW00012370,Preston,Perez,M,,2025-10-08
12371,AW00012371,Stefanie,Subram,S,,2025-10-08
12372,AW00012372,Darren,Prasad,S,,2025-10-08
12373,AW00012373,Isaac,Gray,S,,2025-10-08
12374,AW00012374,Marie,Kapoor,S,,2025-10-08
12375,AW00012375,Jarrod,Raman,S,,2025-10-08
12376,AW00012376,Holly,Perez,S,,2025-10-08
12377,AW00012377,Christopher,Miller,S,,2025-10-08
12378,AW00012378,Brianna,Sanchez,S,,2025-10-08
12379,AW00012379,Bridget,Chande,S,,2025-10-08
12380,AW00012380,Omar,Yuan,S,,2025-10-08
12381,AW00012381,Johnny,Lal,M,,2025-10-08
12382,AW00012382,Tamara,Chen,S,,2025-10-08
12383,AW00012383,Albert,Gomez,S,,2025-10-08
12384,AW00012384,Jacquelyn,Gutierrez,M,,2025-10-08
12385,AW00012385,Tara,Raji,M,,2025-10-08
12386,AW00012386,Katherine,Perry,S,,2025-10-08
12387,AW00012387,Meredith,Vazquez,S,,2025-10-08
12388,AW00012388,Casey,Kumar,S,,2025-10-08
12389,AW00012389,Albert,Jiménez,S,,2025-10-08
12390,AW00012390,Denise,Martinez,S,,2025-10-08
12391,AW00012391,Olivia,Kelly,S,,2025-10-08
12392,AW00012392,Nichole,Nath,S,,2025-10-08
12393,AW00012393,Brenda,Sai,S,,2025-10-08
12394,AW00012394,Erika,Serrano,S,,2025-10-08
12395,AW00012395,Kyle,Carter,S,,2025-10-08
12396,AW00012396,Susan,Yang,S,,2025-10-08
12397,AW00012397,Shaun,Chapman,S,,2025-10-08
12398,AW00012398,Ashley,Clark,S,,2025-10-08
12399,AW00012399,Henry,Chapman,S,,2025-10-08
12400,AW00012400,Andy,Martin,S,,2025-10-08
12401,AW00012401,Kimberly,Rivera,S,,2025-10-08
12402,AW00012402,Albert,Moreno,S,,2025-10-08
12403,AW00012403,Henry,Young,S,,2025-10-08
12404,AW00012404,Krystal,Liang,S,,2025-10-08
12405,AW00012405,Cole,Sanchez,S,,2025-10-08
12406,AW00012406,Ross,Gutierrez,S,,2025-10-08
12407,AW00012407,Shawn,Raji,S,,2025-10-08
12408,AW00012408,Jon,Lu,S,,2025-10-08
12409,AW00012409,Savannah,Hill,S,,2025-10-08
12410,AW00012410,Mariah,Richardson,S,,2025-10-08
12411,AW00012411,Kevin,Alexander,S,,2025-10-08
12412,AW00012412,Mackenzie,Wright,M,,2025-10-08
12413,AW00012413,James,Gonzales,S,,2025-10-08
12414,AW00012414,Ethan,Lal,S,,2025-10-08
12415,AW00012415,Brianna,Richardson,S,,2025-10-08
12416,AW00012416,Veronica,Martinez,S,,2025-10-08
12417,AW00012417,Alexis,Bryant,S,,2025-10-08
12418,AW00012418,Robert,Hernandez,S,,2025-10-08
12419,AW00012419,Destiny,Bell,M,,2025-10-08
12420,AW00012420,Spencer,Hayes,M,,2025-10-08
12421,AW00012421,Cameron,Hughes,M,,2025-10-08
12422,AW00012422,Hailey,Evans,M,,2025-10-08
12423,AW00012423,Sarah,Thompson,S,,2025-10-08
12424,AW00012424,Rebecca,Mitchell,M,,2025-10-08
12425,AW00012425,Brandon,White,M,,2025-10-08
12426,AW00012426,Cody,Cox,M,,2025-10-08
12427,AW00012427,Kimberly,Stewart,M,,2025-10-08
12428,AW00012428,Sean,Morris,M,,2025-10-08
12429,AW00012429,Melvin,Black,M,,2025-10-08
12430,AW00012430,Kaitlyn,Thompson,M,,2025-10-08
12431,AW00012431,Wyatt,Thomas,M,,2025-10-08
12432,AW00012432,Nathan,Clark,M,,2025-10-08
12433,AW00012433,Antonio,Price,M,,2025-10-08
12434,AW00012434,Thomas,Kumar,M,,2025-10-08
12435,AW00012435,Christy,Zhou,M,,2025-10-08
12436,AW00012436,Albert,Diaz,M,,2025-10-08
12437,AW00012437,Jeremy,Young,M,,2025-10-08
12438,AW00012438,Bailey,Rogers,S,,2025-10-08
12439,AW00012439,Megan,Bennett,M,,2025-10-08
12440,AW00012440,Francisco,Chandra,M,,2025-10-08
12441,AW00012441,Trevor,Simmons,M,,2025-10-08
12442,AW00012442,Allison,Richardson,M,,2025-10-08
12443,AW00012443,Garrett,James,M,,2025-10-08
12444,AW00012444,Mackenzie,Phillips,M,,2025-10-08
12445,AW00012445,Cameron,Taylor,M,,2025-10-08
12446,AW00012446,Jasmine,Hall,M,,2025-10-08
12447,AW00012447,Carson,Hayes,M,,2025-10-08
12448,AW00012448,Hailey,Cox,S,,2025-10-08
12449,AW00012449,Dylan,Brown,S,,2025-10-08
12450,AW00012450,Cody,Cook,M,,2025-10-08
12451,AW00012451,Anna,Simmons,S,,2025-10-08
12452,AW00012452,Sean,Sanchez,M,,2025-10-08
12453,AW00012453,Madison,Bennett,S,,2025-10-08
12454,AW00012454,Samuel,Griffin,M,,2025-10-08
12455,AW00012455,Benjamin,Lewis,M,,2025-10-08
12456,AW00012456,Thomas,Chen,M,,2025-10-08
12457,AW00012457,Misty,Rai,S,,2025-10-08
12458,AW00012458,Veronica,Sanchez,M,,2025-10-08
12459,AW00012459,Stefanie,Rodriguez,S,,2025-10-08
12460,AW00012460,Dominique,Malhotra,S,,2025-10-08
12461,AW00012461,Ruth,Suri,M,,2025-10-08
12462,AW00012462,Levi,Suri,M,,2025-10-08
12463,AW00012463,Todd,Huang,M,,2025-10-08
12464,AW00012464,Jared,Cook,S,,2025-10-08
12465,AW00012465,Cassandra,Patel,M,,2025-10-08
12466,AW00012466,Willie,He,M,,2025-10-08
12467,AW00012467,Jennifer,Jones,S,,2025-10-08
12468,AW00012468,Wayne,Nath,M,,2025-10-08
12469,AW00012469,Shane,Srini,M,,2025-10-08
12470,AW00012470,Barbara,He,M,,2025-10-08
12471,AW00012471,Lacey,Zeng,M,,2025-10-08
12472,AW00012472,Jeffery,Zhang,M,,2025-10-08
12473,AW00012473,Sergio,Sai,M,,2025-10-08
12474,AW00012474,Tammy,Chandra,M,,2025-10-08
12475,AW00012475,Logan,Carter,S,,2025-10-08
12476,AW00012476,Rodney,Jimenez,S,,2025-10-08
12477,AW00012477,Robin,Gill,M,,2025-10-08
12478,AW00012478,Ruben,Mehta,S,,2025-10-08
12479,AW00012479,Priscilla,Tang,M,,2025-10-08
12480,AW00012480,Meredith,Alvarez,S,,2025-10-08
12481,AW00012481,Victor,Diaz,S,,2025-10-08
12482,AW00012482,Jerome,Browning,S,,2025-10-08
12483,AW00012483,Amanda,Perez,S,,2025-10-08
12484,AW00012484,Lori,Suarez,S,,2025-10-08
12485,AW00012485,Veronica,Subram,S,,2025-10-08
12486,AW00012486,Kristen,Ye,S,,2025-10-08
12487,AW00012487,Willie,Zhu,S,,2025-10-08
12488,AW00012488,Jay,Garcia,S,,2025-10-08
12489,AW00012489,Wayne,Rai,M,,2025-10-08
12490,AW00012490,Trisha,He,M,,2025-10-08
12491,AW00012491,Alvin,Huang,M,,2025-10-08
12492,AW00012492,Brittany,Price,S,,2025-10-08
12493,AW00012493,Dwayne,Vazquez,M,,2025-10-08
12494,AW00012494,Abby,Sandberg,M,,2025-10-08
12495,AW00012495,Lucas,Miller,S,,2025-10-08
12496,AW00012496,Melanie,Cox,M,,2025-10-08
12497,AW00012497,Ashlee,Kumar,M,,2025-10-08
12498,AW00012498,Eduardo,Diaz,M,,2025-10-08
12499,AW00012499,Heather,Wang,S,,2025-10-08
12500,AW00012500,Kathleen,Vazquez,S,,2025-10-08
12501,AW00012501,Cory,Sai,S,,2025-10-08
12502,AW00012502,Darren,Sanchez,S,,2025-10-08
12503,AW00012503,Casey,Shen,S,,2025-10-08
12504,AW00012504,Arthur,Gutierrez,M,,2025-10-08
12505,AW00012505,Dalton,Martin,M,,2025-10-08
12506,AW00012506,Preston,Sanchez,M,,2025-10-08
12507,AW00012507,Ian,Bell,M,,2025-10-08
12508,AW00012508,Nichole,Anand,M,,2025-10-08
12509,AW00012509,Marc,Ferrier,M,,2025-10-08
12510,AW00012510,Roberto,Sanz,M,,2025-10-08
12511,AW00012511,Grant,Chander,S,,2025-10-08
12512,AW00012512,Carolyn,Gomez,M,,2025-10-08
12513,AW00012513,Austin,Thompson,S,,2025-10-08
12514,AW00012514,Lacey,Becker,S,,2025-10-08
12515,AW00012515,Shelby,Bailey,S,,2025-10-08
12516,AW00012516,Shawna,Chander,S,,2025-10-08
12517,AW00012517,Alexa,Watson,S,,2025-10-08
12518,AW00012518,Jacquelyn,Dominguez,S,,2025-10-08
12519,AW00012519,Casey,Gutierrez,S,,2025-10-08
12520,AW00012520,Seth,Jackson,S,,2025-10-08
12521,AW00012521,Meredith,Dominguez,S,,2025-10-08
12522,AW00012522,Brandy,Sanchez,S,,2025-10-08
12523,AW00012523,Steve,Wagner,S,,2025-10-08
12524,AW00012524,Kate,Shan,S,,2025-10-08
12525,AW00012525,Chelsea,Rodriguez,M,,2025-10-08
12526,AW00012526,Michele,Suarez,M,,2025-10-08
12527,AW00012527,José,Rodriguez,M,,2025-10-08
12528,AW00012528,Devin,Wilson,S,,2025-10-08
12529,AW00012529,Isaiah,Allen,M,,2025-10-08
12530,AW00012530,Isabel,Coleman,S,,2025-10-08
12531,AW00012531,Autumn,Xu,S,,2025-10-08
12532,AW00012532,Jose,Carter,M,,2025-10-08
12533,AW00012533,Luis,Washington,M,,2025-10-08
12534,AW00012534,Katie,Shan,M,,2025-10-08
12535,AW00012535,Clifford,Kapoor,S,,2025-10-08
12536,AW00012536,Javier,Dominguez,M,,2025-10-08
12537,AW00012537,Terrence,Luo,M,,2025-10-08
12538,AW00012538,Paula,Blanco,M,,2025-10-08
12539,AW00012539,Marc,Dominguez,S,,2025-10-08
12540,AW00012540,Levi,Sara,M,,2025-10-08
12541,AW00012541,Jonathan,Zhang,M,,2025-10-08
12542,AW00012542,Preston,Patel,M,,2025-10-08
12543,AW00012543,Ruben,Alvarez,M,,2025-10-08
12544,AW00012544,Bruce,Jordan,M,,2025-10-08
12545,AW00012545,Marc,Ruiz,M,,2025-10-08
12546,AW00012546,Clarence,Andersen,S,,2025-10-08
12547,AW00012547,Bradley,Nara,M,,2025-10-08
12548,AW00012548,Alexandra,Collins,S,,2025-10-08
12549,AW00012549,Donna,Xie,S,,2025-10-08
12550,AW00012550,Austin,Diaz,M,,2025-10-08
12551,AW00012551,Julio,Ramos,M,,2025-10-08
12552,AW00012552,Bruce,Torres,M,,2025-10-08
12553,AW00012553,Toni,Fernandez,M,,2025-10-08
12554,AW00012554,Barry,Rodriguez,M,,2025-10-08
12555,AW00012555,Edgar,Malhotra,M,,2025-10-08
12556,AW00012556,Manuel,Kapoor,M,,2025-10-08
12557,AW00012557,Phillip,Lopez,M,,2025-10-08
12558,AW00012558,Amanda,Evans,M,,2025-10-08
12559,AW00012559,Emmanuel,Lopez,M,,2025-10-08
12560,AW00012560,Mandy,Gao,M,,2025-10-08
12561,AW00012561,Trisha,Lin,S,,2025-10-08
12562,AW00012562,Kristina,Chandra,M,,2025-10-08
12563,AW00012563,Alejandro,Lin,M,,2025-10-08
12564,AW00012564,Marshall,Yang,M,,2025-10-08
12565,AW00012565,Kendra,Gutierrez,M,,2025-10-08
12566,AW00012566,Omar,Yang,M,,2025-10-08
12567,AW00012567,Carmen,Arthur,M,,2025-10-08
12568,AW00012568,Stacey,Ye,M,,2025-10-08
12569,AW00012569,Kristin,Rai,M,,2025-10-08
12570,AW00012570,Casey,Munoz,S,,2025-10-08
12571,AW00012571,Jennifer,Green,M,,2025-10-08
12572,AW00012572,Alisha,Chander,S,,2025-10-08
12573,AW00012573,Grant,Rai,S,,2025-10-08
12574,AW00012574,Derek,Raje,S,,2025-10-08
12575,AW00012575,Jaclyn,Shen,S,,2025-10-08
12576,AW00012576,Walter,Dominguez,S,,2025-10-08
12577,AW00012577,Francis,Sanz,S,,2025-10-08
12578,AW00012578,Gavin,Perry,S,,2025-10-08
12579,AW00012579,Lydia,Sanchez,S,,2025-10-08
12580,AW00012580,Cedric,She,S,,2025-10-08
12581,AW00012581,Kristina,Fernandez,S,,2025-10-08
12582,AW00012582,Carmen,Sara,S,,2025-10-08
12583,AW00012583,Tyrone,Ortega,S,,2025-10-08
12584,AW00012584,Brittney,Ma,S,,2025-10-08
12585,AW00012585,Ian,Martinez,M,,2025-10-08
12586,AW00012586,Kellie,Hernandez,S,,2025-10-08
12587,AW00012587,Danny,Travers,S,,2025-10-08
12588,AW00012588,Tracy,Chande,S,,2025-10-08
12589,AW00012589,Ruben,Rodriguez,M,,2025-10-08
12590,AW00012590,Mario,Chander,S,,2025-10-08
12591,AW00012591,Meredith,Madan,M,,2025-10-08
12592,AW00012592,Amy,Li,M,,2025-10-08
12593,AW00012593,Benjamin,Zhang,S,,2025-10-08
12594,AW00012594,Sandra,Gao,M,,2025-10-08
12595,AW00012595,Mathew,Blanco,S,,2025-10-08
12596,AW00012596,Armando,Romero,M,,2025-10-08
12597,AW00012597,Franklin,Zhang,M,,2025-10-08
12598,AW00012598,Alexandra,Bryant,M,,2025-10-08
12599,AW00012599,Jillian,Fernandez,M,,2025-10-08
12600,AW00012600,Larry,Romero,M,,2025-10-08
12601,AW00012601,Randy,Zhang,M,,2025-10-08
12602,AW00012602,Francisco,Srini,M,,2025-10-08
12603,AW00012603,Cole,Reed,S,,2025-10-08
12604,AW00012604,Nathan,Lee,M,,2025-10-08
12605,AW00012605,Carol,Cooper,M,,2025-10-08
12606,AW00012606,Arthur,Van,M,,2025-10-08
12607,AW00012607,Tamara,Zhu,M,,2025-10-08
12608,AW00012608,Brett,Sanchez,M,,2025-10-08
12609,AW00012609,Linda,Carlson,M,,2025-10-08
12610,AW00012610,Wendy,Gutierrez,M,,2025-10-08
12611,AW00012611,Manuel,Sara,S,,2025-10-08
12612,AW00012612,Shannon,Torres,S,,2025-10-08
12613,AW00012613,Joel,Prasad,M,,2025-10-08
12614,AW00012614,Lance,Gill,S,,2025-10-08
12615,AW00012615,Nathan,Hill,S,,2025-10-08
12616,AW00012616,Kelsey,Tang,S,,2025-10-08
12617,AW00012617,Jake,Ma,M,,2025-10-08
12618,AW00012618,Dawn,Lal,M,,2025-10-08
12619,AW00012619,Priscilla,Rai,M,,2025-10-08
12620,AW00012620,Maurice,Lal,M,,2025-10-08
12621,AW00012621,Barry,Martinez,M,,2025-10-08
12622,AW00012622,Micheal,Rubio,M,,2025-10-08
12623,AW00012623,Jesse,Sanchez,M,,2025-10-08
12624,AW00012624,Jamie,Xu,M,,2025-10-08
12625,AW00012625,Carly,Andersen,M,,2025-10-08
12626,AW00012626,Cassie,Lal,M,,2025-10-08
12627,AW00012627,Leah,Zheng,S,,2025-10-08
12628,AW00012628,Arturo,Ma,M,,2025-10-08
12629,AW00012629,Russell,Nara,S,,2025-10-08
12630,AW00012630,Kevin,Simmons,M,,2025-10-08
12631,AW00012631,Clarence,Gao,S,,2025-10-08
12632,AW00012632,Bonnie,Nath,M,,2025-10-08
12633,AW00012633,Shannon,Suarez,M,,2025-10-08
12634,AW00012634,Derrick,Ruiz,M,,2025-10-08
12635,AW00012635,Brad,Beck,S,,2025-10-08
12636,AW00012636,Tamer,Salah,M,,2025-10-08
12637,AW00012637,Leonard,Nath,M,,2025-10-08
12638,AW00012638,Sebastian,Brooks,M,,2025-10-08
12639,AW00012639,Ruben,Lopez,S,,2025-10-08
12640,AW00012640,Angel,Richardson,M,,2025-10-08
12641,AW00012641,Willie,Raje,M,,2025-10-08
12642,AW00012642,Jimmy,Carlson,M,,2025-10-08
12643,AW00012643,Kristina,Perez,M,,2025-10-08
12644,AW00012644,Rachel,Reed,M,,2025-10-08
12645,AW00012645,Audrey,Ruiz,M,,2025-10-08
12646,AW00012646,Kenneth,Xu,S,,2025-10-08
12647,AW00012647,Colleen,Anand,M,,2025-10-08
12648,AW00012648,Lori,Dominguez,M,,2025-10-08
12649,AW00012649,Omar,Goel,M,,2025-10-08
12650,AW00012650,Aaron,Wright,M,,2025-10-08
12651,AW00012651,Martin,Malhotra,S,,2025-10-08
12652,AW00012652,Carolyn,Martin,M,,2025-10-08
12653,AW00012653,Nichole,Andersen,M,,2025-10-08
12654,AW00012654,Briana,Gill,M,,2025-10-08
12655,AW00012655,Larry,Vazquez,M,,2025-10-08
12656,AW00012656,Blake,Roberts,M,,2025-10-08
12657,AW00012657,Audrey,Blanco,M,,2025-10-08
12658,AW00012658,Joy,Gomez,M,,2025-10-08
12659,AW00012659,Damien,Chande,M,,2025-10-08
12660,AW00012660,Toni,Sanchez,M,,2025-10-08
12661,AW00012661,Deborah,Pal,M,,2025-10-08
12662,AW00012662,Jessie,Huang,M,,2025-10-08
12663,AW00012663,Morgan,Adams,M,,2025-10-08
12664,AW00012664,Krista,Gill,M,,2025-10-08
12665,AW00012665,Joy,Suarez,M,,2025-10-08
12666,AW00012666,Jessie,Zhu,S,,2025-10-08
12667,AW00012667,Maria,Wood,M,,2025-10-08
12668,AW00012668,Melissa,Patterson,S,,2025-10-08
12669,AW00012669,Irving,Schmidt,S,,2025-10-08
12670,AW00012670,Sarah,Martinez,S,,2025-10-08
12671,AW00012671,Alan,Huang,S,,2025-10-08
12672,AW00012672,Carson,Butler,S,,2025-10-08
12673,AW00012673,Colin,Stone,M,,2025-10-08
12674,AW00012674,Jimmy,Travers,M,,2025-10-09
12675,AW00012675,Holly,Fernandez,S,,2025-10-10
12676,AW00012676,Michele,Madan,S,,2025-10-11
12677,AW00012677,Cedric,Liu,M,,2025-10-12
12678,AW00012678,Dana,Serrano,S,,2025-10-12
12679,AW00012679,Stacy,Gill,M,,2025-10-12
12680,AW00012680,George,Sanchez,S,,2025-10-12
12681,AW00012681,Christy,Chow,S,,2025-10-12
12682,AW00012682,Kari,Subram,M,,2025-10-12
12683,AW00012683,Laura,Zhou,S,,2025-10-12
12684,AW00012684,Shaun,Shen,M,,2025-10-12
12685,AW00012685,Jaclyn,Xu,M,,2025-10-12
12686,AW00012686,Trisha,Zhou,S,,2025-10-12
12687,AW00012687,Marshall,Li,S,,2025-10-12
12688,AW00012688,Stacy,Navarro,S,,2025-10-12
12689,AW00012689,Tamara,Pal,S,,2025-10-12
12690,AW00012690,Roger,Zhang,M,,2025-10-12
12691,AW00012691,Rafael,Andersen,M,,2025-10-12
12692,AW00012692,Glenn,Lu,S,,2025-10-12
12693,AW00012693,Ruth,Gonzalez,M,,2025-10-12
12694,AW00012694,Jay,Arthur,S,,2025-10-12
12695,AW00012695,Kari,Ruiz,M,,2025-10-12
12696,AW00012696,Stacey,Hu,M,,2025-10-12
12697,AW00012697,Brenda,Stone,S,,2025-10-12
12698,AW00012698,Mohamed,Pal,M,,2025-10-12
12699,AW00012699,Amy,Chow,M,,2025-10-12
12700,AW00012700,Mindy,Kumar,M,,2025-10-12
12701,AW00012701,Gary,Gutierrez,M,,2025-10-12
12702,AW00012702,Yolanda,Shan,M,,2025-10-12
12703,AW00012703,Renee,Suarez,M,,2025-10-12
12704,AW00012704,Barbara,Nara,M,,2025-10-12
12705,AW00012705,Andre,Garcia,M,,2025-10-12
12706,AW00012706,Louis,Liang,M,,2025-10-12
12707,AW00012707,Ian,Lewis,M,,2025-10-12
12708,AW00012708,Bonnie,Pal,M,,2025-10-12
12709,AW00012709,Ian,Rodriguez,M,,2025-10-12
12710,AW00012710,Dalton,Evans,S,,2025-10-12
12711,AW00012711,Heather,Zheng,S,,2025-10-12
12712,AW00012712,Arthur,Romero,S,,2025-10-12
12713,AW00012713,Deborah,Xie,S,,2025-10-12
12714,AW00012714,Colleen,Lu,S,,2025-10-12
12715,AW00012715,Eddie,Gill,M,,2025-10-12
12716,AW00012716,Dale,Shen,S,,2025-10-12
12717,AW00012717,Hannah,Wood,M,,2025-10-12
12718,AW00012718,Tammy,Sai,S,,2025-10-12
12719,AW00012719,Cheryl,Ruiz,S,,2025-10-12
12720,AW00012720,Nicolas,Chande,S,,2025-10-12
12721,AW00012721,Rebekah,Martinez,S,,2025-10-12
12722,AW00012722,Latasha,Gomez,S,,2025-10-12
12723,AW00012723,Kurt,Jai,M,,2025-10-12
12724,AW00012724,Eddie,Martin,S,,2025-10-12
12725,AW00012725,Gabrielle,James,M,,2025-10-12
12726,AW00012726,Kurt,Goel,S,,2025-10-12
12727,AW00012727,Amanda,Ross,S,,2025-10-12
12728,AW00012728,Jeremiah,Stewart,S,,2025-10-12
12729,AW00012729,Jose,Perry,S,,2025-10-12
12730,AW00012730,Karla,Becker,S,,2025-10-12
12731,AW00012731,Steven,Murphy,S,,2025-10-12
12732,AW00012732,Todd,Guo,S,,2025-10-12
12733,AW00012733,Lacey,Cai,S,,2025-10-12
12734,AW00012734,Margaret,Zhou,S,,2025-10-12
12735,AW00012735,Donald,Mehta,S,,2025-10-12
12736,AW00012736,Diana,Ruiz,S,,2025-10-12
12737,AW00012737,Brett,Chandra,S,,2025-10-12
12738,AW00012738,Melinda,Rubio,M,,2025-10-12
12739,AW00012739,Evan,Young,M,,2025-10-12
12740,AW00012740,Kathryn,Goel,S,,2025-10-12
12741,AW00012741,Raymond,Sam,S,,2025-10-12
12742,AW00012742,Samantha,Martinez,S,,2025-10-12
12743,AW00012743,Carl,Kumar,M,,2025-10-12
12744,AW00012744,Anna,Moore,S,,2025-10-12
12745,AW00012745,Rafael,Wu,S,,2025-10-12
12746,AW00012746,Juan,Torres,S,,2025-10-12
12747,AW00012747,Colleen,Hu,S,,2025-10-12
12748,AW00012748,Grace,Bell,S,,2025-10-12
12749,AW00012749,Miguel,Lee,S,,2025-10-12
12750,AW00012750,Teresa,Vazquez,S,,2025-10-12
12751,AW00012751,Priscilla,Xu,S,,2025-10-12
12752,AW00012752,Jonathon,Alvarez,S,,2025-10-12
12753,AW00012753,Ramon,Zhao,S,,2025-10-12
12754,AW00012754,Lindsey,Deng,M,,2025-10-12
12755,AW00012755,Chloe,Hughes,S,,2025-10-12
12756,AW00012756,Antonio,Butler,S,,2025-10-12
12757,AW00012757,Sara,Ramirez,S,,2025-10-12
12758,AW00012758,Stephanie,Ramirez,M,,2025-10-12
12759,AW00012759,Jada,Sanders,M,,2025-10-12
12760,AW00012760,Krista,Gomez,S,,2025-10-12
12761,AW00012761,Alexandra,Richardson,S,,2025-10-12
12762,AW00012762,Jonathan,Smith,M,,2025-10-12
12763,AW00012763,Chloe,Russell,M,,2025-10-12
12764,AW00012764,Alexandra,Harris,M,,2025-10-12
12765,AW00012765,Robyn,Gill,M,,2025-10-12
12766,AW00012766,Jordyn,Bryant,M,,2025-10-12
12767,AW00012767,Christopher,Robinson,M,,2025-10-12
12768,AW00012768,Johnathan,Chapman,M,,2025-10-12
12769,AW00012769,Thomas,Zhang,M,,2025-10-12
12770,AW00012770,Charles,Evans,M,,2025-10-12
12771,AW00012771,Morgan,Thomas,M,,2025-10-12
12772,AW00012772,Abigail,Clark,M,,2025-10-12
12773,AW00012773,Samantha,Taylor,M,,2025-10-12
12774,AW00012774,Kristen,Gao,M,,2025-10-12
12775,AW00012775,Connor,Griffin,M,,2025-10-12
12776,AW00012776,Blake,Campbell,M,,2025-10-12
12777,AW00012777,Joseph,Anderson,M,,2025-10-12
12778,AW00012778,Connie,Morgan,M,,2025-10-12
12779,AW00012779,Mason,Rogers,M,,2025-10-12
12780,AW00012780,Jeremy,Richardson,M,,2025-10-12
12781,AW00012781,Emma,James,M,,2025-10-12
12782,AW00012782,Elizabeth,Long,M,,2025-10-12
12783,AW00012783,Jerome,Gutierrez,M,,2025-10-12
12784,AW00012784,Jonathan,Campbell,M,,2025-10-12
12785,AW00012785,Javier,Ortega,M,,2025-10-12
12786,AW00012786,James,Yang,M,,2025-10-12
12787,AW00012787,Katelyn,Cook,S,,2025-10-12
12788,AW00012788,Amanda,Nelson,M,,2025-10-12
12789,AW00012789,Jamie,Zeng,M,,2025-10-12
12790,AW00012790,Brandon,Kumar,S,,2025-10-12
12791,AW00012791,Angelica,Foster,S,,2025-10-12
12792,AW00012792,Blake,White,M,,2025-10-12
12793,AW00012793,Jessie,Guo,M,,2025-10-12
12794,AW00012794,Megan,Jackson,S,,2025-10-12
12795,AW00012795,Antonio,Foster,M,,2025-10-12
12796,AW00012796,Jason,Zhang,M,,2025-10-12
12797,AW00012797,Patrick,Howard,S,,2025-10-12
12798,AW00012798,Andy,Gutierrez,M,,2025-10-12
12799,AW00012799,George,Chandra,M,,2025-10-12
12800,AW00012800,Lacey,Chen,M,,2025-10-12
12801,AW00012801,Melody,Browning,S,,2025-10-12
12802,AW00012802,Alan,Sun,S,,2025-10-12
12803,AW00012803,Heather,Li,M,,2025-10-12
12804,AW00012804,Jaclyn,Chander,S,,2025-10-12
12805,AW00012805,Marvin,Moreno,M,,2025-10-12
12806,AW00012806,Ronnie,Zeng,M,,2025-10-12
12807,AW00012807,Nina,Kumar,S,,2025-10-12
12808,AW00012808,Marc,Schmidt,M,,2025-10-12
12809,AW00012809,Michele,Navarro,M,,2025-10-12
12810,AW00012810,Chase,Stewart,M,,2025-10-12
12811,AW00012811,Marc,Serrano,S,,2025-10-12
12812,AW00012812,Brandi,Sanz,M,,2025-10-12
12813,AW00012813,Reginald,Ramos,M,,2025-10-12
12814,AW00012814,Casey,Sharma,S,,2025-10-12
12815,AW00012815,Dominique,Mehta,M,,2025-10-12
12816,AW00012816,Tammy,Mehta,S,,2025-10-12
12817,AW00012817,Theodore,Suarez,S,,2025-10-12
12818,AW00012818,Curtis,She,M,,2025-10-12
12819,AW00012819,Nicolas,Chander,S,,2025-10-12
12820,AW00012820,Derek,Tang,S,,2025-10-12
12821,AW00012821,Cesar,McDonald,M,,2025-10-12
12822,AW00012822,Alexandra,James,M,,2025-10-12
12823,AW00012823,Bethany,She,M,,2025-10-12
12824,AW00012824,Kristopher,Subram,S,,2025-10-12
12825,AW00012825,Kelvin,Hu,M,,2025-10-12
12826,AW00012826,Caleb,Gonzalez,S,,2025-10-12
12827,AW00012827,Nicolas,Raje,S,,2025-10-12
12828,AW00012828,Carol,Rubio,S,,2025-10-12
12829,AW00012829,Micah,Li,S,,2025-10-12
12830,AW00012830,Russell,Raje,S,,2025-10-12
12831,AW00012831,Kathryn,Lal,S,,2025-10-12
12832,AW00012832,Douglas,Prasad,S,,2025-10-12
12833,AW00012833,Sheena,Goel,S,,2025-10-12
12834,AW00012834,Kelsey,Xie,M,,2025-10-12
12835,AW00012835,Karl,Yuan,S,,2025-10-12
12836,AW00012836,Rodney,Munoz,S,,2025-10-12
12837,AW00012837,Nicole,Anderson,M,,2025-10-12
12838,AW00012838,Ralph,Beck,M,,2025-10-12
12839,AW00012839,Dominique,Fernandez,S,,2025-10-12
12840,AW00012840,Naomi,Sanz,M,,2025-10-12
12841,AW00012841,Yolanda,Xie,S,,2025-10-12
12842,AW00012842,Kelvin,Becker,S,,2025-10-12
12843,AW00012843,Summer,Smith,S,,2025-10-12
12844,AW00012844,Gerald,Gonzalez,M,,2025-10-12
12845,AW00012845,Angela,Torres,M,,2025-10-12
12846,AW00012846,Bridget,Nara,S,,2025-10-12
12847,AW00012847,Colin,Chander,M,,2025-10-12
12848,AW00012848,Brittney,Lu,M,,2025-10-12
12849,AW00012849,Adam,Baker,S,,2025-10-12
12850,AW00012850,Johnny,Raji,S,,2025-10-12
12851,AW00012851,Brandy,Sai,S,,2025-10-12
12852,AW00012852,Teresa,Carlson,S,,2025-10-12
12853,AW00012853,Evelyn,Malhotra,M,,2025-10-12
12854,AW00012854,Reginald,Romero,M,,2025-10-12
12855,AW00012855,Philip,Diaz,M,,2025-10-12
12856,AW00012856,Rosa,Lin,M,,2025-10-12
12857,AW00012857,Raul,Kumar,M,,2025-10-12
12858,AW00012858,Adriana,Mehta,S,,2025-10-12
12859,AW00012859,Evelyn,Gonzalez,S,,2025-10-12
12860,AW00012860,Jillian,Prasad,M,,2025-10-12
12861,AW00012861,Robyn,Jimenez,M,,2025-10-12
12862,AW00012862,Melinda,Ortega,S,,2025-10-12
12863,AW00012863,Caleb,Zhang,S,,2025-10-12
12864,AW00012864,Michelle,Townsend,S,,2025-10-12
12865,AW00012865,Brandy,Martinez,M,,2025-10-12
12866,AW00012866,Janelle,Fernandez,S,,2025-10-12
12867,AW00012867,Laura,Ye,S,,2025-10-12
12868,AW00012868,Julie,Anand,S,,2025-10-12
12869,AW00012869,Alisha,Tang,M,,2025-10-12
12870,AW00012870,Tyrone,Munoz,S,,2025-10-12
12871,AW00012871,Leah,Li,S,,2025-10-12
12872,AW00012872,Olivia,Hughes,S,,2025-10-12
12873,AW00012873,Mandar,Samant,S,,2025-10-12
12874,AW00012874,Kirk,Nason,S,,2025-10-12
12875,AW00012875,Brianna,Ross,S,,2025-10-12
12876,AW00012876,Blake,Robinson,M,,2025-10-12
12877,AW00012877,Alexander,Williams,M,,2025-10-12
12878,AW00012878,Gilbert,Sun,M,,2025-10-12
12879,AW00012879,Elijah,Nelson,M,,2025-10-12
12880,AW00012880,Luis,Hayes,S,,2025-10-12
12881,AW00012881,Isabella,Edwards,S,,2025-10-12
12882,AW00012882,Eduardo,Allen,M,,2025-10-12
12883,AW00012883,Stephanie,Bailey,S,,2025-10-12
12884,AW00012884,Megan,Williams,S,,2025-10-12
12885,AW00012885,Jonathan,Anderson,M,,2025-10-12
12886,AW00012886,Jocelyn,Long,S,,2025-10-12
12887,AW00012887,Brendan,Pal,M,,2025-10-12
12888,AW00012888,Melissa,Barnes,M,,2025-10-12
12889,AW00012889,James,Adams,M,,2025-10-12
12890,AW00012890,Steven,Thorpe,M,,2025-10-12
12891,AW00012891,Kaylee,King,M,,2025-10-12
12892,AW00012892,Brian,Peterson,M,,2025-10-12
12893,AW00012893,Brittany,Foster,M,,2025-10-12
12894,AW00012894,Natalie,Walker,M,,2025-10-12
12895,AW00012895,Destiny,Anderson,M,,2025-10-12
12896,AW00012896,Victoria,Wood,M,,2025-10-12
12897,AW00012897,Alyssa,Wilson,M,,2025-10-12
12898,AW00012898,Madeline,Campbell,M,,2025-10-12
12899,AW00012899,Ana,Ross,M,,2025-10-12
12900,AW00012900,Carlos,Ward,M,,2025-10-12
12901,AW00012901,Robert,Adams,M,,2025-10-12
12902,AW00012902,Julia,Stewart,S,,2025-10-12
12903,AW00012903,John,Sandstone,S,,2025-10-12
12904,AW00012904,Thomas,Jai,M,,2025-10-12
12905,AW00012905,Alexandra,Sanchez,M,,2025-10-12
12906,AW00012906,Philip,Ramos,M,,2025-10-12
12907,AW00012907,Julia,Bryant,M,,2025-10-12
12908,AW00012908,Tyler,Clark,M,,2025-10-12
12909,AW00012909,Kelsey,Shan,M,,2025-10-12
12910,AW00012910,Robert,Brown,M,,2025-10-12
12911,AW00012911,Sebastian,Rogers,S,,2025-10-12
12912,AW00012912,Brianna,Morris,S,,2025-10-12
12913,AW00012913,Benjamin,Moore,M,,2025-10-12
12914,AW00012914,Jill,Miller,S,,2025-10-12
12915,AW00012915,Kaitlyn,Alexander,S,,2025-10-12
12916,AW00012916,Natalie,Ross,M,,2025-10-12
12917,AW00012917,Vanessa,Russell,M,,2025-10-12
12918,AW00012918,Brooke,Murphy,M,,2025-10-12
12919,AW00012919,Carlos,Hill,S,,2025-10-12
12920,AW00012920,Kelly,Henderson,S,,2025-10-12
12921,AW00012921,Wyatt,Lee,S,,2025-10-12
12922,AW00012922,Jennifer,Sanders,S,,2025-10-12
12923,AW00012923,Fernando,Wright,S,,2025-10-12
12924,AW00012924,Devon,Chande,M,,2025-10-12
12925,AW00012925,Mackenzie,Blue,M,,2025-10-12
12926,AW00012926,Sara,Murphy,M,,2025-10-12
12927,AW00012927,Savannah,Sanchez,M,,2025-10-12
12928,AW00012928,Carol,Wright,M,,2025-10-12
12929,AW00012929,Vanessa,Bryant,M,,2025-10-12
12930,AW00012930,Grace,Harris,M,,2025-10-12
12931,AW00012931,Ann,Fernandez,S,,2025-10-12
12932,AW00012932,Tyler,Johnson,M,,2025-10-12
12933,AW00012933,Jonathan,Hall,M,,2025-10-12
12934,AW00012934,Jason,Foster,S,,2025-10-12
12935,AW00012935,Robert,Hill,M,,2025-10-12
12936,AW00012936,Renee,Moreno,S,,2025-10-12
12937,AW00012937,Megan,Wilson,S,,2025-10-12
12938,AW00012938,Edward,Parker,S,,2025-10-12
12939,AW00012939,Eduardo,Parker,S,,2025-10-12
12940,AW00012940,Steven,Rogers,M,,2025-10-12
12941,AW00012941,Maria,Morgan,S,,2025-10-12
12942,AW00012942,Morgan,Harris,S,,2025-10-12
12943,AW00012943,Caleb,Perez,S,,2025-10-12
12944,AW00012944,Jose,Jai,M,,2025-10-12
12945,AW00012945,Jessica,Bailey,M,,2025-10-12
12946,AW00012946,Seth,Allen,M,,2025-10-12
12947,AW00012947,Isaiah,Sanchez,S,,2025-10-12
12948,AW00012948,Adam,Kumar,M,,2025-10-12
12949,AW00012949,Morgan,Rivera,S,,2025-10-12
12950,AW00012950,Mary,Adams,S,,2025-10-12
12951,AW00012951,Blake,Simmons,S,,2025-10-12
12952,AW00012952,Jennifer,Hughes,S,,2025-10-12
12953,AW00012953,Catherine,Cooper,S,,2025-10-12
12954,AW00012954,Pedro,Diaz,M,,2025-10-12
12955,AW00012955,Theresa,Hernandez,S,,2025-10-12
12956,AW00012956,Marshall,Sun,S,,2025-10-12
12957,AW00012957,Isabella,Lopez,S,,2025-10-12
12958,AW00012958,Jennifer,Campbell,S,,2025-10-12
12959,AW00012959,Sydney,Carter,S,,2025-10-12
12960,AW00012960,Ashley,Lewis,S,,2025-10-12
12961,AW00012961,Kimberly,Murphy,M,,2025-10-12
12962,AW00012962,Jennifer,Edwards,M,,2025-10-12
12963,AW00012963,Marcus,Anderson,M,,2025-10-12
12964,AW00012964,Xavier,Russell,M,,2025-10-12
12965,AW00012965,Cody,Bell,M,,2025-10-12
12966,AW00012966,Dennis,Zhu,M,,2025-10-12
12967,AW00012967,Fernando,Rodriguez,M,,2025-10-12
12968,AW00012968,Paige,Butler,M,,2025-10-12
12969,AW00012969,Richard,Rodriguez,M,,2025-10-12
12970,AW00012970,Angela,Powell,S,,2025-10-12
12971,AW00012971,Carl,Nara,M,,2025-10-12
12972,AW00012972,Carolyn,Suri,S,,2025-10-12
12973,AW00012973,Adrian,Howard,S,,2025-10-12
12974,AW00012974,Marc,Gill,S,,2025-10-12
12975,AW00012975,Marcus,Wilson,S,,2025-10-12
12976,AW00012976,Hunter,Thompson,S,,2025-10-12
12977,AW00012977,Destiny,Johnson,S,,2025-10-12
12978,AW00012978,Danielle,James,M,,2025-10-12
12979,AW00012979,Christina,Ward,M,,2025-10-12
12980,AW00012980,Max,Moyer,M,,2025-10-12
12981,AW00012981,Joe,Sanz,S,,2025-10-12
12982,AW00012982,Brittany,Patterson,M,,2025-10-12
12983,AW00012983,Gabriella,Carter,M,,2025-10-12
12984,AW00012984,Adam,Young,M,,2025-10-12
12985,AW00012985,Hailey,Roberts,M,,2025-10-12
12986,AW00012986,Rachel,Garcia,M,,2025-10-12
12987,AW00012987,Felicia,Moreno,M,,2025-10-12
12988,AW00012988,Barbara,Goel,S,,2025-10-12
12989,AW00012989,Carly,Goel,M,,2025-10-12
12990,AW00012990,Leslie,Hernandez,S,,2025-10-12
12991,AW00012991,Jésus,Serrano,M,,2025-10-12
12992,AW00012992,Ernest,Zeng,M,,2025-10-12
12993,AW00012993,Xavier,Henderson,M,,2025-10-12
12994,AW00012994,Anna,Martinez,S,,2025-10-12
12995,AW00012995,Grant,Nara,M,,2025-10-12
12996,AW00012996,Jaclyn,Liu,M,,2025-10-12
12997,AW00012997,Nina,Xie,M,,2025-10-12
12998,AW00012998,Mayra,Mehta,S,,2025-10-12
12999,AW00012999,Nichole,Shen,S,,2025-10-12
13000,AW00013000,Rafael,Raje,M,,2025-10-12