sls_ord_num,sls_prd_key,sls_cust_id,sls_order_dt,sls_ship_dt,sls_due_dt,sls_sales,sls_quantity,sls_price
SO50000,BK-M68S-38,27116,20121008,20121015,20121020,2071,1,2071
SO50001,BK-M68S-38,15183,20121008,20121015,20121020,2071,1,2071
SO50002,BK-R89R-44,24170,20121008,20121015,20121020,2443,1,2443
SO50003,BK-R50B-62,26796,20121008,20121015,20121020,783,1,783
SO50004,BK-M68S-42,27228,20121009,20121016,20121021,2071,1,2071
SO50005,BK-R89R-58,17848,20121009,20121016,20121021,2182,1,2182
SO50006,BK-R50B-58,20896,20121009,20121016,20121021,783,1,783
SO50007,BK-M68S-42,15181,20121009,20121016,20121021,2071,1,2071
SO50008,BK-M68S-46,15122,20121009,20121016,20121021,2071,1,2071
SO50009,BK-R64Y-48,25111,20121009,20121016,20121021,1000,1,1000
SO50010,BK-R89R-48,24171,20121009,20121016,20121021,2443,1,2443
SO50011,BK-M68B-38,27232,20121010,20121017,20121022,2049,1,2049
SO50012,BK-M68B-38,27255,20121010,20121017,20121022,2049,1,2049
SO50013,BK-R89B-58,17979,20121010,20121017,20121022,2182,1,2182
SO50014,BK-R89R-48,17833,20121010,20121017,20121022,2443,1,2443
SO50015,BK-R64Y-38,19254,20121010,20121017,20121022,1000,1,1000
SO50016,BK-R50B-58,20870,20121010,20121017,20121022,783,1,783
SO50017,BK-R50R-44,21056,20121010,20121017,20121022,783,1,783
SO50018,BK-R50R-58,20876,20121010,20121017,20121022,783,1,783
SO50019,BK-R89B-48,26235,20121010,20121017,20121022,2182,1,2182
SO50020,BK-M68B-46,12738,20121010,20121017,20121022,2049,1,2049
SO50021,BK-M68B-46,12839,20121010,20121017,20121022,2049,1,2049
SO50022,BK-M68B-38,12712,20121010,20121017,20121022,2049,1,2049
SO50023,BK-R50B-48,15780,20121010,20121017,20121022,783,1,783
SO50024,BK-R50R-48,27406,20121010,20121017,20121022,783,1,783
SO50025,BK-R64Y-44,14386,20121010,20121017,20121022,1000,1,1000
SO50026,BK-M68S-46,15205,20121010,20121017,20121022,2071,1,2071
SO50027,BK-R89R-58,24272,20121010,20121017,20121022,2182,1,2182
SO50028,BK-R89B-58,24273,20121010,20121017,20121022,2182,1,2182
SO50029,BK-M68S-46,27195,20121011,20121018,20121023,2071,1,2071
SO50030,BK-M68S-38,27234,20121011,20121018,20121023,2071,1,2071
SO50031,BK-R50B-52,19421,20121011,20121018,20121023,783,1,783
SO50032,BK-R89R-48,13896,20121011,20121018,20121023,2443,1,2443
SO50033,BK-M68S-46,12713,20121011,20121018,20121023,2071,1,2071
SO50034,BK-M68S-42,15129,20121011,20121018,20121023,2071,1,2071
SO50035,BK-R89B-44,24270,20121011,20121018,20121023,2182,1,2182
SO50036,BK-M68S-46,27212,20121012,20121019,20121024,2071,1,2071
SO50037,BK-R89B-58,16289,20121012,20121019,20121024,2182,1,2182
SO50038,BK-R89B-58,17784,20121012,20121019,20121024,2182,1,2182
SO50039,BK-R89R-48,18000,20121012,20121019,20121024,2443,1,2443
SO50040,BK-M68S-42,15043,20121012,20121019,20121024,2071,1,2071
SO50041,BK-R50B-48,15841,20121012,20121019,20121024,783,1,783
SO50042,BK-R50R-44,15770,20121012,20121019,20121024,783,1,783
SO50043,BK-R64Y-42,14398,20121012,20121019,20121024,1000,1,1000
SO50044,BK-R89R-44,24162,20121012,20121019,20121024,2443,1,2443
SO50045,BK-R50R-44,26924,20121012,20121019,20121024,783,1,783
SO50046,BK-R89R-52,16404,20121013,20121020,20121025,2443,1,2443
SO50047,BK-R89B-48,16408,20121013,20121020,20121025,2182,1,2182
SO50048,BK-R64Y-48,19197,20121013,20121020,20121025,1000,1,1000
SO50049,BK-M68S-42,12745,20121013,20121020,20121025,2071,1,2071
SO50050,BK-M68S-46,15035,20121013,20121020,20121025,2071,1,2071
SO50051,BK-M68S-46,15127,20121013,20121020,20121025,2071,1,2071
SO50052,BK-M68S-38,27206,20121013,20121020,20121025,2071,1,2071
SO50053,BK-R89R-58,17811,20121014,20121021,20121026,2182,1,2182
SO50054,BK-R89R-48,16412,20121014,20121021,20121026,2443,1,2443
SO50055,BK-R64Y-40,19479,20121014,20121021,20121026,1000,1,1000
SO50056,BK-R50R-62,15842,20121014,20121021,20121026,783,1,783
SO50057,BK-R50R-60,15834,20121014,20121021,20121026,783,1,783
SO50058,BK-R64Y-38,14414,20121014,20121021,20121026,1000,1,1000
SO50059,BK-R64Y-42,14415,20121014,20121021,20121026,1000,1,1000
SO50060,BK-M68B-46,15151,20121014,20121021,20121026,2049,1,2049
SO50061,BK-R89B-52,24166,20121014,20121021,20121026,2182,1,2182
SO50062,BK-R89B-44,24172,20121014,20121021,20121026,2182,1,2182
SO50063,BK-R89R-58,24175,20121014,20121021,20121026,2182,1,2182
SO50064,BK-R89B-52,24271,20121014,20121021,20121026,2182,1,2182
SO50065,BK-M68B-38,15044,20121014,20121021,20121026,2049,1,2049
SO50066,BK-R89B-52,24242,20121014,20121021,20121026,2182,1,2182
SO50067,BK-R50B-48,26923,20121014,20121021,20121026,783,1,783
SO50068,BK-R50B-44,26797,20121014,20121021,20121026,783,1,783
SO50069,BK-R89R-58,17972,20121015,20121022,20121027,2182,1,2182
SO50070,BK-M68B-38,12624,20121015,20121022,20121027,2049,1,2049
SO50071,BK-M68B-46,12853,20121015,20121022,20121027,2049,1,2049
SO50072,BK-M68B-46,15036,20121015,20121022,20121027,2049,1,2049
SO50073,BK-R50B-44,15862,20121015,20121022,20121027,783,1,783
SO50074,BK-M68S-46,27117,20121015,20121022,20121027,2071,1,2071
SO50075,BK-M68S-46,15170,20121015,20121022,20121027,2071,1,2071
SO50076,BK-R89B-58,24169,20121015,20121022,20121027,2182,1,2182
SO50077,BK-R89R-44,24244,20121015,20121022,20121027,2443,1,2443
SO50078,BK-R89R-52,24251,20121015,20121022,20121027,2443,1,2443
SO50079,BK-R89B-58,24252,20121015,20121022,20121027,2182,1,2182
SO50080,BK-M68S-42,27239,20121016,20121023,20121028,2071,1,2071
SO50081,BK-R50B-48,19434,20121016,20121023,20121028,783,1,783
SO50082,BK-R50R-62,20874,20121016,20121023,20121028,783,1,783
SO50083,BK-R50B-58,19446,20121016,20121023,20121028,783,1,783
SO50084,BK-M68B-46,12548,20121016,20121023,20121028,2049,1,2049
SO50085,BK-R89B-44,24164,20121016,20121023,20121028,2182,1,2182
SO50086,BK-R89R-44,24174,20121016,20121023,20121028,2443,1,2443
SO50087,BK-M68B-38,21613,20121017,20121024,20121029,2049,1,2049
SO50088,BK-R89B-58,16393,20121017,20121024,20121029,2182,1,2182
SO50089,BK-R64Y-48,17778,20121017,20121024,20121029,1000,1,1000
SO50090,BK-R50R-44,19423,20121017,20121024,20121029,783,1,783
SO50091,BK-R50B-60,19436,20121017,20121024,20121029,783,1,783
SO50092,BK-M68S-42,11378,20121017,20121024,20121029,2071,1,2071
SO50093,BK-R50R-58,15781,20121017,20121024,20121029,783,1,783
SO50094,BK-M68S-38,15184,20121017,20121024,20121029,2071,1,2071
SO50095,BK-M68B-46,15178,20121017,20121024,20121029,2049,1,2049
SO50096,BK-R89B-52,17978,20121018,20121025,20121030,2182,1,2182
SO50097,BK-R50R-60,19447,20121018,20121025,20121030,783,1,783
SO50098,BK-R50R-52,15843,20121018,20121025,20121030,783,1,783
SO50099,BK-R50R-58,15852,20121018,20121025,20121030,783,1,783
SO50100,BK-R64Y-42,14385,20121018,20121025,20121030,1000,1,1000
SO50101,BK-R89R-48,16310,20121019,20121026,20121031,2443,1,2443
SO50102,BK-R89R-52,13898,20121019,20121026,20121031,2443,1,2443
SO50103,BK-R50R-60,15827,20121019,20121026,20121031,783,1,783
SO50104,BK-R64Y-42,14394,20121019,20121026,20121031,1000,1,1000
SO50105,BK-R64Y-48,25113,20121019,20121026,20121031,1000,1,1000
SO50106,BK-R50B-52,27299,20121019,20121026,20121031,783,1,783
SO50107,BK-M68B-42,27254,20121020,20121027,20121101,2049,1,2049
SO50108,BK-R89B-44,17974,20121020,20121027,20121101,2182,1,2182
SO50109,BK-R89B-44,16268,20121020,20121027,20121101,2182,1,2182
SO50110,BK-R50R-62,19441,20121020,20121027,20121101,783,1,783
SO50111,BK-R89B-52,24250,20121020,20121027,20121101,2182,1,2182
SO50112,BK-R50R-48,26917,20121020,20121027,20121101,783,1,783
SO50113,BK-M68B-38,27235,20121021,20121028,20121102,2049,1,2049
SO50114,BK-M68S-46,27256,20121021,20121028,20121102,2071,1,2071
SO50115,BK-R89B-44,17764,20121021,20121028,20121102,2182,1,2182
SO50116,BK-R89B-52,17825,20121021,20121028,20121102,2182,1,2182
SO50117,BK-R89B-48,17893,20121021,20121028,20121102,2182,1,2182
SO50118,BK-R50R-58,21044,20121021,20121028,20121102,783,1,783
SO50119,BK-R89B-52,13907,20121021,20121028,20121102,2182,1,2182
SO50120,BK-M68S-38,15040,20121021,20121028,20121102,2071,1,2071
SO50121,BK-M68S-42,15042,20121021,20121028,20121102,2071,1,2071
SO50122,BK-R50B-48,15844,20121021,20121028,20121102,783,1,783
SO50123,BK-R50R-52,15778,20121021,20121028,20121102,783,1,783
SO50124,BK-M68S-38,27114,20121021,20121028,20121102,2071,1,2071
SO50125,BK-M68B-38,15209,20121021,20121028,20121102,2049,1,2049
SO50126,BK-M68S-46,15135,20121021,20121028,20121102,2071,1,2071
SO50127,BK-R89R-52,24176,20121021,20121028,20121102,2443,1,2443
SO50128,BK-M68S-38,27227,20121022,20121029,20121103,2071,1,2071
SO50129,BK-R89B-58,17990,20121022,20121029,20121103,2182,1,2182
SO50130,BK-R64Y-40,19284,20121022,20121029,20121103,1000,1,1000
SO50131,BK-R50R-44,19426,20121022,20121029,20121103,783,1,783
SO50132,BK-R50B-62,21053,20121022,20121029,20121103,783,1,783
SO50133,BK-M68B-46,11345,20121022,20121029,20121103,2049,1,2049
SO50134,BK-M68S-42,15028,20121022,20121029,20121103,2071,1,2071
SO50135,BK-M68S-42,15037,20121022,20121029,20121103,2071,1,2071
SO50136,BK-R50R-58,15845,20121022,20121029,20121103,783,1,783
SO50137,BK-R50B-48,15865,20121022,20121029,20121103,783,1,783
SO50138,BK-R64Y-48,14413,20121022,20121029,20121103,1000,1,1000
SO50139,BK-M68S-38,15182,20121022,20121029,20121103,2071,1,2071
SO50140,BK-R89R-44,24161,20121022,20121029,20121103,2443,1,2443
SO50141,BK-R89R-48,24179,20121022,20121029,20121103,2443,1,2443
SO50142,BK-R50R-60,26920,20121022,20121029,20121103,783,1,783
SO50143,BK-M68B-42,27205,20121023,20121030,20121104,2049,1,2049
SO50144,BK-R64Y-48,19459,20121023,20121030,20121104,1000,1,1000
SO50145,BK-R64Y-44,19283,20121023,20121030,20121104,1000,1,1000
SO50146,BK-R89B-52,13897,20121023,20121030,20121104,2182,1,2182
SO50147,BK-R50R-58,27429,20121023,20121030,20121104,783,1,783
SO50148,BK-R50R-48,15771,20121023,20121030,20121104,783,1,783
SO50149,BK-M68S-42,15134,20121023,20121030,20121104,2071,1,2071
SO50150,BK-R50B-44,26919,20121023,20121030,20121104,783,1,783
SO50151,BK-R50B-60,26967,20121023,20121030,20121104,783,1,783
SO50152,BK-R89R-58,17768,20121024,20121031,20121105,2182,1,2182
SO50153,BK-R50B-60,21092,20121024,20121031,20121105,783,1,783
SO50154,BK-R89B-44,13904,20121024,20121031,20121105,2182,1,2182
SO50155,BK-M68S-46,15030,20121024,20121031,20121105,2071,1,2071
SO50156,BK-M68B-38,15038,20121024,20121031,20121105,2049,1,2049
SO50157,BK-M68S-46,15121,20121024,20121031,20121105,2071,1,2071
SO50158,BK-M68S-38,15133,20121024,20121031,20121105,2071,1,2071
SO50159,BK-R89R-52,24165,20121024,20121031,20121105,2443,1,2443
SO50160,BK-R50R-58,15873,20121024,20121031,20121105,783,1,783
SO50161,BK-R89B-52,24247,20121024,20121031,20121105,2182,1,2182
SO50162,BK-R50R-58,26918,20121024,20121031,20121105,783,1,783
SO50163,BK-M68S-42,27250,20121025,20121101,20121106,2071,1,2071
SO50164,BK-R89B-52,17765,20121025,20121101,20121106,2182,1,2182
SO50165,BK-R89B-58,17977,20121025,20121101,20121106,2182,1,2182
SO50166,BK-R64Y-42,19467,20121025,20121101,20121106,1000,1,1000
SO50167,BK-R89R-58,13905,20121025,20121101,20121106,2182,1,2182
SO50168,BK-M68S-46,15033,20121025,20121101,20121106,2071,1,2071
SO50169,BK-M68S-46,15041,20121025,20121101,20121106,2071,1,2071
SO50170,BK-R89R-58,24257,20121025,20121101,20121106,2182,1,2182
SO50171,BK-R89B-48,16288,20121026,20121102,20121107,2182,1,2182
SO50172,BK-R64Y-40,17773,20121026,20121102,20121107,1000,1,1000
SO50173,BK-R64Y-42,25121,20121026,20121102,20121107,1000,1,1000
SO50174,BK-R89B-44,24168,20121026,20121102,20121107,2182,1,2182
SO50175,BK-R89R-58,24178,20121026,20121102,20121107,2182,1,2182
SO50176,BK-R89R-58,16273,20121026,20121102,20121107,2182,1,2182
SO50177,BK-R50R-60,26795,20121026,20121102,20121107,783,1,783
SO50178,BK-M68S-42,27257,20121027,20121103,20121108,2071,1,2071
SO50179,BK-R89B-52,17769,20121027,20121103,20121108,2182,1,2182
SO50180,BK-R89R-48,17777,20121027,20121103,20121108,2443,1,2443
SO50181,BK-R64Y-42,19257,20121027,20121103,20121108,1000,1,1000
SO50182,BK-R50R-62,21067,20121027,20121103,20121108,783,1,783
SO50183,BK-R50R-48,20912,20121027,20121103,20121108,783,1,783
SO50184,BK-M68B-42,11340,20121027,20121103,20121108,2049,1,2049
SO50185,BK-M68B-42,12657,20121027,20121103,20121108,2049,1,2049
SO50186,BK-R64Y-42,14412,20121027,20121103,20121108,1000,1,1000
SO50187,BK-M68B-42,15150,20121027,20121103,20121108,2049,1,2049
SO50188,BK-R50R-48,26922,20121027,20121103,20121108,783,1,783
SO50323,BK-M68S-46,27447,20121028,20121104,20121109,2071,1,2071
SO50324,BK-R89B-52,18158,20121028,20121104,20121109,2182,1,2182
SO50325,BK-M68S-46,27291,20121028,20121104,20121109,2071,1,2071
SO50326,BK-M68S-42,21620,20121028,20121104,20121109,2071,1,2071
SO50327,BK-R50B-52,21130,20121028,20121104,20121109,783,1,783
SO50328,BK-M68S-46,11401,20121028,20121104,20121109,2071,1,2071
SO50329,BK-M68S-42,11403,20121028,20121104,20121109,2071,1,2071
SO50330,BK-R50R-60,15892,20121028,20121104,20121109,783,1,783
SO50331,BK-R50R-48,15915,20121028,20121104,20121109,783,1,783
SO50332,BK-R64Y-42,25222,20121028,20121104,20121109,1000,1,1000
SO50333,BK-M68S-38,15580,20121028,20121104,20121109,2071,1,2071
SO50334,BK-M68B-42,15595,20121028,20121104,20121109,2049,1,2049
SO50335,BK-M68S-46,15648,20121028,20121104,20121109,2071,1,2071
SO50336,BK-M68B-46,27449,20121029,20121105,20121110,2049,1,2049
SO50337,BK-M68B-38,21652,20121029,20121105,20121110,2049,1,2049
SO50338,BK-R89B-52,17946,20121029,20121105,20121110,2182,1,2182
SO50339,BK-R89B-58,18026,20121029,20121105,20121110,2182,1,2182
SO50340,BK-R89B-58,16424,20121029,20121105,20121110,2182,1,2182
SO50341,BK-M68S-46,27289,20121029,20121105,20121110,2071,1,2071
SO50342,BK-M68B-42,27425,20121029,20121105,20121110,2049,1,2049
SO50343,BK-R89B-52,26310,20121029,20121105,20121110,2182,1,2182
SO50344,BK-R50B-62,15937,20121029,20121105,20121110,783,1,783
SO50345,BK-M68S-42,15225,20121029,20121105,20121110,2071,1,2071
SO50346,BK-M68S-42,15575,20121029,20121105,20121110,2071,1,2071
SO50347,BK-M68S-46,27405,20121030,20121106,20121111,2071,1,2071
SO50348,BK-R64Y-38,19311,20121030,20121106,20121111,1000,1,1000
SO50349,BK-R64Y-38,19314,20121030,20121106,20121111,1000,1,1000
SO50350,BK-R50B-52,21103,20121030,20121106,20121111,783,1,783
SO50351,BK-R50B-62,15885,20121030,20121106,20121111,783,1,783
SO50352,BK-R50B-60,15948,20121030,20121106,20121111,783,1,783
SO50353,BK-R64Y-42,14440,20121030,20121106,20121111,1000,1,1000
SO50354,BK-R64Y-38,14456,20121030,20121106,20121111,1000,1,1000
SO50355,BK-M68S-38,15268,20121030,20121106,20121111,2071,1,2071
SO50356,BK-M68S-42,15600,20121030,20121106,20121111,2071,1,2071
SO50357,BK-M68S-38,15643,20121030,20121106,20121111,2071,1,2071
SO50358,BK-R50B-58,27339,20121030,20121106,20121111,783,1,783
SO50359,BK-R89R-52,24274,20121030,20121106,20121111,2443,1,2443
SO50360,BK-R89R-44,24301,20121030,20121106,20121111,2443,1,2443
SO50361,BK-R64Y-44,19510,20121030,20121106,20121111,1000,1,1000
SO50362,BK-M68B-46,27292,20121031,20121107,20121112,2049,1,2049
SO50363,BK-M68B-38,27263,20121031,20121107,20121112,2049,1,2049
SO50364,BK-R50R-62,21106,20121031,20121107,20121112,783,1,783
SO50365,BK-R89R-52,13925,20121031,20121107,20121112,2443,1,2443
SO50366,BK-R89R-48,26294,20121031,20121107,20121112,2443,1,2443
SO50367,BK-R64Y-38,26572,20121031,20121107,20121112,1000,1,1000
SO50368,BK-M68B-46,15265,20121031,20121107,20121112,2049,1,2049
SO50369,BK-M68S-38,15642,20121031,20121107,20121112,2071,1,2071
SO50370,BK-R89B-52,17941,20121031,20121107,20121112,2182,1,2182
SO50371,BK-R89B-44,16431,20121101,20121108,20121113,2182,1,2182
SO50372,BK-M68B-38,27440,20121101,20121108,20121113,2049,1,2049
SO50373,BK-M68B-38,27260,20121101,20121108,20121113,2049,1,2049
SO50374,BK-R64Y-40,17787,20121101,20121108,20121113,1000,1,1000
SO50375,BK-R64Y-38,17830,20121101,20121108,20121113,1000,1,1000
SO50376,BK-R64Y-42,17831,20121101,20121108,20121113,1000,1,1000
SO50377,BK-R50B-58,20913,20121101,20121108,20121113,783,1,783
SO50378,BK-R50R-58,19473,20121101,20121108,20121113,783,1,783
SO50379,BK-M68B-38,13251,20121101,20121108,20121113,2049,1,2049
SO50380,BK-M68S-46,11420,20121101,20121108,20121113,2071,1,2071
SO50381,BK-M68S-46,15436,20121101,20121108,20121113,2071,1,2071
SO50382,BK-M68B-42,15591,20121101,20121108,20121113,2049,1,2049
SO50383,BK-R50R-44,27353,20121101,20121108,20121113,783,1,783
SO50384,BK-R50B-48,27371,20121101,20121108,20121113,783,1,783
SO50385,BK-M68S-46,27258,20121102,20121109,20121114,2071,1,2071
SO50386,BK-R89B-44,17942,20121102,20121109,20121114,2182,1,2182
SO50387,BK-M68S-42,27407,20121102,20121109,20121114,2071,1,2071
SO50388,BK-M68S-38,27266,20121102,20121109,20121114,2071,1,2071
SO50389,BK-M68B-46,12813,20121102,20121109,20121114,2049,1,2049
SO50390,BK-M68S-38,13253,20121102,20121109,20121114,2071,1,2071
SO50391,BK-R50B-62,15901,20121102,20121109,20121114,783,1,783
SO50392,BK-R50R-48,15902,20121102,20121109,20121114,783,1,783
SO50393,BK-R50B-60,15918,20121102,20121109,20121114,783,1,783
SO50394,BK-R50B-58,27557,20121102,20121109,20121114,783,1,783
SO50395,BK-R64Y-40,14439,20121102,20121109,20121114,1000,1,1000
SO50396,BK-M68B-46,15439,20121102,20121109,20121114,2049,1,2049
SO50397,BK-M68B-42,15588,20121102,20121109,20121114,2049,1,2049
SO50398,BK-M68B-42,15645,20121102,20121109,20121114,2049,1,2049
SO50399,BK-R89B-58,24457,20121102,20121109,20121114,2182,1,2182
SO50400,BK-R89R-44,18173,20121103,20121110,20121115,2443,1,2443
SO50401,BK-R89R-58,18127,20121103,20121110,20121115,2182,1,2182
SO50402,BK-M68B-46,21622,20121103,20121110,20121115,2049,1,2049
SO50403,BK-R50R-58,20914,20121103,20121110,20121115,783,1,783
SO50404,BK-M68B-38,11382,20121103,20121110,20121115,2049,1,2049
SO50405,BK-R64Y-44,14451,20121103,20121110,20121115,1000,1,1000
SO50406,BK-M68B-42,15229,20121103,20121110,20121115,2049,1,2049
SO50407,BK-R89R-58,24302,20121103,20121110,20121115,2182,1,2182
SO50408,BK-R89B-44,24368,20121103,20121110,20121115,2182,1,2182
SO50409,BK-R89R-58,18177,20121104,20121111,20121116,2182,1,2182
SO50410,BK-R89B-52,18135,20121104,20121111,20121116,2182,1,2182
SO50411,BK-R89B-58,18141,20121104,20121111,20121116,2182,1,2182
SO50412,BK-M68B-38,27268,20121104,20121111,20121116,2049,1,2049
SO50413,BK-M68S-42,27273,20121104,20121111,20121116,2071,1,2071
SO50414,BK-R64Y-44,19285,20121104,20121111,20121116,1000,1,1000
SO50415,BK-R50R-60,20970,20121104,20121111,20121116,783,1,783
SO50416,BK-M68B-46,11406,20121104,20121111,20121116,2049,1,2049
SO50417,BK-M68B-38,11417,20121104,20121111,20121116,2049,1,2049
SO50418,BK-R50R-52,15897,20121104,20121111,20121116,783,1,783
SO50419,BK-R64Y-44,14453,20121104,20121111,20121116,1000,1,1000
SO50420,BK-R64Y-44,25215,20121104,20121111,20121116,1000,1,1000
SO50421,BK-M68B-38,15724,20121104,20121111,20121116,2049,1,2049
SO50422,BK-M68S-38,15223,20121104,20121111,20121116,2071,1,2071
SO50423,BK-R89R-52,24360,20121104,20121111,20121116,2443,1,2443
SO50424,BK-R89B-52,16433,20121105,20121112,20121117,2182,1,2182
SO50425,BK-M68B-42,27421,20121105,20121112,20121117,2049,1,2049
SO50426,BK-M68S-42,21642,20121105,20121112,20121117,2071,1,2071
SO50427,BK-R50B-60,15944,20121105,20121112,20121117,783,1,783
SO50428,BK-R64Y-38,14421,20121105,20121112,20121117,1000,1,1000
SO50429,BK-R64Y-44,14433,20121105,20121112,20121117,1000,1,1000
SO50430,BK-R64Y-44,25126,20121105,20121112,20121117,1000,1,1000
SO50431,BK-R89R-52,24371,20121105,20121112,20121117,2443,1,2443
SO50432,BK-R89B-52,17940,20121106,20121113,20121118,2182,1,2182
SO50433,BK-R50R-44,21008,20121106,20121113,20121118,783,1,783
SO50434,BK-R89B-48,13912,20121106,20121113,20121118,2182,1,2182
SO50435,BK-M68S-46,12873,20121106,20121113,20121118,2071,1,2071
SO50436,BK-R64Y-42,25133,20121106,20121113,20121118,1000,1,1000
SO50437,BK-M68B-38,15647,20121106,20121113,20121118,2049,1,2049
SO50438,BK-R89R-58,17929,20121107,20121114,20121119,2182,1,2182
SO50439,BK-M68B-42,21618,20121107,20121114,20121119,2049,1,2049
SO50440,BK-R64Y-38,19502,20121107,20121114,20121119,1000,1,1000
SO50441,BK-R50R-60,21104,20121107,20121114,20121119,783,1,783
SO50442,BK-M68S-38,11402,20121107,20121114,20121119,2071,1,2071
SO50443,BK-M68B-46,11416,20121107,20121114,20121119,2049,1,2049
SO50444,BK-R64Y-48,14438,20121107,20121114,20121119,1000,1,1000
SO50445,BK-R64Y-44,26615,20121107,20121114,20121119,1000,1,1000
SO50446,BK-R64Y-44,25127,20121107,20121114,20121119,1000,1,1000
SO50447,BK-M68B-46,15726,20121107,20121114,20121119,2049,1,2049
SO50448,BK-M68B-38,15219,20121107,20121114,20121119,2049,1,2049
SO50449,BK-M68S-38,15435,20121107,20121114,20121119,2071,1,2071
SO50450,BK-R89R-44,16416,20121108,20121115,20121120,2443,1,2443
SO50451,BK-M68B-42,27272,20121108,20121115,20121120,2049,1,2049
SO50452,BK-M68B-42,27280,20121108,20121115,20121120,2049,1,2049
SO50453,BK-R64Y-38,17779,20121108,20121115,20121120,1000,1,1000
SO50454,BK-R64Y-48,19493,20121108,20121115,20121120,1000,1,1000
SO50455,BK-R50B-62,19480,20121108,20121115,20121120,783,1,783
SO50456,BK-M68B-42,15723,20121108,20121115,20121120,2049,1,2049
SO50457,BK-M68B-38,15227,20121108,20121115,20121120,2049,1,2049
SO50458,BK-M68S-42,15438,20121108,20121115,20121120,2071,1,2071
SO50459,BK-R89R-48,24458,20121108,20121115,20121120,2443,1,2443
SO50460,BK-R50R-52,27352,20121108,20121115,20121120,783,1,783
SO50461,BK-R50B-48,27355,20121108,20121115,20121120,783,1,783
SO50462,BK-R89R-58,24364,20121108,20121115,20121120,2182,1,2182
SO50463,BK-R89R-52,18166,20121109,20121116,20121121,2443,1,2443
SO50464,BK-R64Y-38,19499,20121109,20121116,20121121,1000,1,1000
SO50465,BK-R64Y-38,19294,20121109,20121116,20121121,1000,1,1000
SO50466,BK-R50R-52,21105,20121109,20121116,20121121,783,1,783
SO50467,BK-M68S-46,15221,20121109,20121116,20121121,2071,1,2071
SO50468,BK-R50B-58,27346,20121109,20121116,20121121,783,1,783
SO50469,BK-R50R-58,27348,20121109,20121116,20121121,783,1,783
SO50470,BK-R50B-44,27370,20121109,20121116,20121121,783,1,783
SO50471,BK-M68S-38,12807,20121109,20121116,20121121,2071,1,2071
SO50472,BK-M68B-38,27288,20121110,20121117,20121122,2049,1,2049
SO50473,BK-R64Y-38,17827,20121110,20121117,20121122,1000,1,1000
SO50474,BK-M68B-46,27269,20121110,20121117,20121122,2049,1,2049
SO50475,BK-R64Y-38,19911,20121110,20121117,20121122,1000,1,1000
SO50476,BK-R50B-48,20980,20121110,20121117,20121122,783,1,783
SO50477,BK-M68S-46,13252,20121110,20121117,20121122,2071,1,2071
SO50478,BK-R50B-44,15893,20121110,20121117,20121122,783,1,783
SO50479,BK-R64Y-42,14449,20121110,20121117,20121122,1000,1,1000
SO50480,BK-R64Y-40,25138,20121110,20121117,20121122,1000,1,1000
SO50481,BK-M68S-42,15262,20121110,20121117,20121122,2071,1,2071
SO50482,BK-R50R-62,27354,20121110,20121117,20121122,783,1,783
SO50483,BK-M68S-38,15578,20121110,20121117,20121122,2071,1,2071
SO50484,BK-R89B-48,18028,20121111,20121118,20121123,2182,1,2182
SO50485,BK-M68B-42,27446,20121111,20121118,20121123,2049,1,2049
SO50486,BK-R64Y-38,14448,20121111,20121118,20121123,1000,1,1000
SO50487,BK-R64Y-40,25213,20121111,20121118,20121123,1000,1,1000
SO50488,BK-R64Y-48,25218,20121111,20121118,20121123,1000,1,1000
SO50489,BK-M68B-46,15717,20121111,20121118,20121123,2049,1,2049
SO50490,BK-M68S-38,15226,20121111,20121118,20121123,2071,1,2071
SO50491,BK-M68S-46,15644,20121111,20121118,20121123,2071,1,2071
SO50492,BK-R89R-52,24362,20121111,20121118,20121123,2443,1,2443
SO50493,BK-M68B-46,27453,20121112,20121119,20121124,2049,1,2049
SO50494,BK-R89B-58,16432,20121112,20121119,20121124,2182,1,2182
SO50495,BK-R50R-62,19475,20121112,20121119,20121124,783,1,783
SO50496,BK-R64Y-38,14452,20121112,20121119,20121124,1000,1,1000
SO50497,BK-R64Y-48,14419,20121112,20121119,20121124,1000,1,1000
SO50498,BK-R64Y-48,14434,20121112,20121119,20121124,1000,1,1000
SO50499,BK-M68S-38,15214,20121112,20121119,20121124,2071,1,2071
SO50500,BK-M68S-42,15425,20121112,20121119,20121124,2071,1,2071
SO50501,BK-R89B-52,18625,20121113,20121120,20121125,2182,1,2182
SO50502,BK-R89B-48,16425,20121113,20121120,20121125,2182,1,2182
SO50503,BK-R64Y-48,19286,20121113,20121120,20121125,1000,1,1000
SO50504,BK-M68S-46,12874,20121113,20121120,20121125,2071,1,2071
SO50505,BK-M68B-42,11410,20121113,20121120,20121125,2049,1,2049
SO50506,BK-R50B-60,27342,20121113,20121120,20121125,783,1,783
SO50507,BK-R50B-58,27366,20121113,20121120,20121125,783,1,783
SO50508,BK-R89B-44,24361,20121113,20121120,20121125,2182,1,2182
SO50509,BK-R89R-52,16415,20121114,20121121,20121126,2443,1,2443
SO50510,BK-R89B-52,24365,20121114,20121121,20121126,2182,1,2182
SO50511,BK-R89R-48,18621,20121115,20121122,20121127,2443,1,2443
SO50512,BK-M68S-46,27418,20121115,20121122,20121127,2071,1,2071
SO50513,BK-M68B-46,12825,20121115,20121122,20121127,2049,1,2049
SO50514,BK-R50B-48,15904,20121115,20121122,20121127,783,1,783
SO50515,BK-M68B-38,15215,20121115,20121122,20121127,2049,1,2049
SO50516,BK-M68B-42,15646,20121115,20121122,20121127,2049,1,2049
SO50517,BK-M68S-38,27423,20121115,20121122,20121127,2071,1,2071
SO50518,BK-R89B-44,18136,20121116,20121123,20121128,2182,1,2182
SO50519,BK-R89R-58,17934,20121116,20121123,20121128,2182,1,2182
SO50520,BK-M68S-46,27264,20121116,20121123,20121128,2071,1,2071
SO50521,BK-M68S-46,27279,20121116,20121123,20121128,2071,1,2071
SO50522,BK-R64Y-48,17780,20121116,20121123,20121128,1000,1,1000
SO50523,BK-M68B-42,12860,20121116,20121123,20121128,2049,1,2049
SO50524,BK-R50R-58,15914,20121116,20121123,20121128,783,1,783
SO50525,BK-R64Y-44,14447,20121116,20121123,20121128,1000,1,1000
SO50526,BK-R50R-58,27340,20121116,20121123,20121128,783,1,783
SO50527,BK-R89B-52,24377,20121116,20121123,20121128,2182,1,2182
SO50528,BK-R89R-58,18160,20121117,20121124,20121129,2182,1,2182
SO50529,BK-M68B-38,27295,20121117,20121124,20121129,2049,1,2049
SO50530,BK-R64Y-44,19912,20121117,20121124,20121129,1000,1,1000
SO50531,BK-R50R-52,19452,20121117,20121124,20121129,783,1,783
SO50532,BK-R89R-58,13915,20121117,20121124,20121129,2182,1,2182
SO50533,BK-M68B-38,11409,20121117,20121124,20121129,2049,1,2049
SO50534,BK-M68S-46,12826,20121117,20121124,20121129,2071,1,2071
SO50535,BK-R89B-58,24460,20121117,20121124,20121129,2182,1,2182
SO50536,BK-R89R-48,24462,20121117,20121124,20121129,2443,1,2443
SO50537,BK-R50B-58,27341,20121117,20121124,20121129,783,1,783
SO50538,BK-M68B-38,21614,20121118,20121125,20121130,2049,1,2049
SO50539,BK-M68B-38,27261,20121118,20121125,20121130,2049,1,2049
SO50540,BK-R64Y-48,19506,20121118,20121125,20121130,1000,1,1000
SO50541,BK-M68B-46,12806,20121118,20121125,20121130,2049,1,2049
SO50542,BK-R64Y-42,14442,20121118,20121125,20121130,1000,1,1000
SO50543,BK-R64Y-38,25221,20121118,20121125,20121130,1000,1,1000
SO50544,BK-M68B-46,15722,20121118,20121125,20121130,2049,1,2049
SO50545,BK-M68S-42,15587,20121118,20121125,20121130,2071,1,2071
SO50546,BK-M68S-42,15597,20121118,20121125,20121130,2071,1,2071
SO50547,BK-R89R-58,24381,20121118,20121125,20121130,2182,1,2182
SO50548,BK-R89R-58,24461,20121118,20121125,20121130,2182,1,2182
SO50549,BK-R50R-62,27365,20121118,20121125,20121130,783,1,783
SO50550,BK-M68S-46,27448,20121119,20121126,20121201,2071,1,2071
SO50551,BK-R89B-44,18168,20121119,20121126,20121201,2182,1,2182
SO50552,BK-R89B-48,16430,20121119,20121126,20121201,2182,1,2182
SO50553,BK-R64Y-44,19500,20121119,20121126,20121201,1000,1,1000
SO50554,BK-R50R-58,21015,20121119,20121126,20121201,783,1,783
SO50555,BK-R50R-48,21006,20121119,20121126,20121201,783,1,783
SO50556,BK-R89B-52,13927,20121119,20121126,20121201,2182,1,2182
SO50557,BK-M68B-42,12861,20121119,20121126,20121201,2049,1,2049
SO50558,BK-M68B-42,12816,20121119,20121126,20121201,2049,1,2049
SO50559,BK-M68B-42,15228,20121119,20121126,20121201,2049,1,2049
SO50560,BK-M68B-46,15716,20121119,20121126,20121201,2049,1,2049
SO50561,BK-R89B-58,24459,20121119,20121126,20121201,2182,1,2182
SO50562,BK-R89B-44,17945,20121120,20121127,20121202,2182,1,2182
SO50563,BK-R89B-58,18633,20121120,20121127,20121202,2182,1,2182
SO50564,BK-M68B-42,27424,20121120,20121127,20121202,2049,1,2049
SO50565,BK-M68B-46,27439,20121120,20121127,20121202,2049,1,2049
SO50566,BK-M68B-38,21621,20121120,20121127,20121202,2049,1,2049
SO50567,BK-M68S-38,27286,20121120,20121127,20121202,2071,1,2071
SO50568,BK-R50B-48,21093,20121120,20121127,20121202,783,1,783
SO50569,BK-R50B-60,20930,20121120,20121127,20121202,783,1,783
SO50570,BK-R89B-52,13939,20121120,20121127,20121202,2182,1,2182
SO50571,BK-R50B-52,15890,20121120,20121127,20121202,783,1,783
SO50572,BK-R50R-48,15899,20121120,20121127,20121202,783,1,783
SO50573,BK-R50R-48,15934,20121120,20121127,20121202,783,1,783
SO50574,BK-M68B-42,15267,20121120,20121127,20121202,2049,1,2049
SO50575,BK-R50R-62,27359,20121120,20121127,20121202,783,1,783
SO50576,BK-R89R-48,24300,20121120,20121127,20121202,2443,1,2443
SO50577,BK-R89R-58,24372,20121120,20121127,20121202,2182,1,2182
SO50578,BK-R89B-58,18126,20121121,20121128,20121203,2182,1,2182
SO50579,BK-R64Y-44,17834,20121121,20121128,20121203,1000,1,1000
SO50580,BK-R89B-58,24305,20121121,20121128,20121203,2182,1,2182
SO50581,BK-R50R-44,15909,20121121,20121128,20121203,783,1,783
SO50582,BK-R64Y-48,26582,20121121,20121128,20121203,1000,1,1000
SO50583,BK-M68S-42,15725,20121121,20121128,20121203,2071,1,2071
SO50584,BK-M68B-38,15585,20121121,20121128,20121203,2049,1,2049
SO50585,BK-M68S-38,27452,20121122,20121129,20121204,2071,1,2071
SO50586,BK-R89R-48,17898,20121122,20121129,20121204,2443,1,2443
SO50587,BK-M68B-42,27262,20121122,20121129,20121204,2049,1,2049
SO50588,BK-M68B-46,27274,20121122,20121129,20121204,2049,1,2049
SO50589,BK-M68B-38,27276,20121122,20121129,20121204,2049,1,2049
SO50590,BK-M68S-42,27287,20121122,20121129,20121204,2071,1,2071
SO50591,BK-M68B-42,11425,20121122,20121129,20121204,2049,1,2049
SO50592,BK-R50B-58,27560,20121122,20121129,20121204,783,1,783
SO50593,BK-M68S-38,15266,20121122,20121129,20121204,2071,1,2071
SO50594,BK-M68B-42,15601,20121122,20121129,20121204,2049,1,2049
SO50595,BK-R89R-58,17928,20121123,20121130,20121205,2182,1,2182
SO50596,BK-M68B-46,27416,20121123,20121130,20121205,2049,1,2049
SO50597,BK-M68B-46,21629,20121123,20121130,20121205,2049,1,2049
SO50598,BK-M68S-42,27271,20121123,20121130,20121205,2071,1,2071
SO50599,BK-R50B-52,20923,20121123,20121130,20121205,783,1,783
SO50600,BK-R50R-44,19458,20121123,20121130,20121205,783,1,783
SO50601,BK-M68S-42,12742,20121123,20121130,20121205,2071,1,2071
SO50602,BK-M68B-46,15719,20121123,20121130,20121205,2049,1,2049
SO50603,BK-M68B-42,15576,20121123,20121130,20121205,2049,1,2049
SO50604,BK-R89B-44,24282,20121123,20121130,20121205,2182,1,2182
SO50605,BK-M68S-42,27450,20121124,20121201,20121206,2071,1,2071
SO50606,BK-M68S-42,27294,20121124,20121201,20121206,2071,1,2071
SO50607,BK-R50R-44,20979,20121124,20121201,20121206,783,1,783
SO50608,BK-R89B-44,26279,20121124,20121201,20121206,2182,1,2182
SO50609,BK-R50R-58,15886,20121124,20121201,20121206,783,1,783
SO50610,BK-R50B-44,15941,20121124,20121201,20121206,783,1,783
SO50611,BK-M68B-46,15220,20121124,20121201,20121206,2049,1,2049
SO50612,BK-M68B-38,15590,20121124,20121201,20121206,2049,1,2049
SO50613,BK-M68B-42,15596,20121124,20121201,20121206,2049,1,2049
SO50614,BK-R50B-52,27469,20121124,20121201,20121206,783,1,783
SO50615,BK-R89B-44,24304,20121124,20121201,20121206,2182,1,2182
SO50616,BK-R89R-48,24366,20121124,20121201,20121206,2443,1,2443
SO50617,BK-M68S-42,27296,20121125,20121202,20121207,2071,1,2071
SO50618,BK-M68B-42,27431,20121125,20121202,20121207,2049,1,2049
SO50619,BK-M68S-42,27277,20121125,20121202,20121207,2071,1,2071
SO50620,BK-M68S-46,27281,20121125,20121202,20121207,2071,1,2071
SO50621,BK-R50B-48,19474,20121125,20121202,20121207,783,1,783
SO50622,BK-R50B-52,27536,20121125,20121202,20121207,783,1,783
SO50623,BK-R50R-58,27545,20121125,20121202,20121207,783,1,783
SO50624,BK-R89R-58,24281,20121125,20121202,20121207,2182,1,2182
SO50625,BK-R89R-48,24367,20121125,20121202,20121207,2443,1,2443
SO50626,BK-R89B-44,18620,20121126,20121203,20121208,2182,1,2182
SO50627,BK-R89R-52,18627,20121126,20121203,20121208,2443,1,2443
SO50628,BK-R89R-44,17902,20121126,20121203,20121208,2443,1,2443
SO50629,BK-R89B-52,16426,20121126,20121203,20121208,2182,1,2182
SO50630,BK-R64Y-40,19289,20121126,20121203,20121208,1000,1,1000
SO50631,BK-R64Y-40,19511,20121126,20121203,20121208,1000,1,1000
SO50632,BK-R50B-58,15908,20121126,20121203,20121208,783,1,783
SO50633,BK-R64Y-44,14420,20121126,20121203,20121208,1000,1,1000
SO50634,BK-M68B-46,15218,20121126,20121203,20121208,2049,1,2049
SO50635,BK-M68S-46,15586,20121126,20121203,20121208,2071,1,2071
SO50636,BK-M68S-42,15589,20121126,20121203,20121208,2071,1,2071
SO50637,BK-R50R-48,27356,20121126,20121203,20121208,783,1,783
SO50638,BK-R89R-58,24283,20121126,20121203,20121208,2182,1,2182
SO50639,BK-R89R-48,24303,20121126,20121203,20121208,2443,1,2443
SO50640,BK-R89R-48,24307,20121126,20121203,20121208,2443,1,2443
SO50641,BK-M68S-42,27455,20121127,20121204,20121209,2071,1,2071
SO50642,BK-R89B-44,18147,20121127,20121204,20121209,2182,1,2182
SO50643,BK-M68S-38,27427,20121127,20121204,20121209,2071,1,2071
SO50644,BK-M68B-46,27275,20121127,20121204,20121209,2049,1,2049
SO50645,BK-R64Y-44,19288,20121127,20121204,20121209,1000,1,1000
SO50646,BK-R64Y-40,19298,20121127,20121204,20121209,1000,1,1000
SO50647,BK-R50B-44,20945,20121127,20121204,20121209,783,1,783
SO50648,BK-R89R-48,13917,20121127,20121204,20121209,2443,1,2443
SO50649,BK-R89R-58,13938,20121127,20121204,20121209,2182,1,2182
SO50650,BK-M68B-38,12747,20121127,20121204,20121209,2049,1,2049
SO50651,BK-R50B-60,15888,20121127,20121204,20121209,783,1,783
SO50652,BK-R50R-44,15903,20121127,20121204,20121209,783,1,783
SO50653,BK-R50B-60,27550,20121127,20121204,20121209,783,1,783
SO50654,BK-R64Y-48,25214,20121127,20121204,20121209,1000,1,1000
SO50655,BK-M68B-38,15582,20121127,20121204,20121209,2049,1,2049
SO50656,BK-R50B-62,27362,20121127,20121204,20121209,783,1,783
SO50657,BK-R89R-48,24378,20121127,20121204,20121209,2443,1,2443
SO50760,BK-M68S-42,27549,20121128,20121205,20121210,2071,1,2071
SO50761,BK-R64Y-44,19321,20121128,20121205,20121210,1000,1,1000
SO50762,BK-R89B-52,17963,20121128,20121205,20121210,2182,1,2182
SO50763,BK-R89B-44,16513,20121128,20121205,20121210,2182,1,2182
SO50764,BK-R50B-62,21534,20121128,20121205,20121210,783,1,783
SO50765,BK-R50B-44,21669,20121128,20121205,20121210,783,1,783
SO50766,BK-R89R-48,13977,20121128,20121205,20121210,2443,1,2443
SO50767,BK-R64Y-48,14486,20121128,20121205,20121210,1000,1,1000
SO50768,BK-M68B-42,16176,20121128,20121205,20121210,2049,1,2049
SO50769,BK-R89R-44,24484,20121128,20121205,20121210,2443,1,2443
SO50770,BK-R89B-58,24465,20121128,20121205,20121210,2182,1,2182
SO50771,BK-R89R-52,24468,20121128,20121205,20121210,2443,1,2443
SO50772,BK-R89R-48,24476,20121128,20121205,20121210,2443,1,2443
SO50773,BK-R50R-52,19903,20121128,20121205,20121210,783,1,783
SO50774,BK-R50R-52,27487,20121128,20121205,20121210,783,1,783
SO50775,BK-M68B-38,27553,20121129,20121206,20121211,2049,1,2049
SO50776,BK-R64Y-38,19940,20121129,20121206,20121211,1000,1,1000
SO50777,BK-M68S-42,11439,20121129,20121206,20121211,2071,1,2071
SO50778,BK-M68S-46,11578,20121129,20121206,20121211,2071,1,2071
SO50779,BK-R50B-60,21508,20121129,20121206,20121211,783,1,783
SO50780,BK-R50R-58,19945,20121129,20121206,20121211,783,1,783
SO50781,BK-M68B-42,13561,20121129,20121206,20121211,2049,1,2049
SO50782,BK-M68B-42,11587,20121129,20121206,20121211,2049,1,2049
SO50783,BK-M68B-38,11588,20121129,20121206,20121211,2049,1,2049
SO50784,BK-R64Y-40,14498,20121129,20121206,20121211,1000,1,1000
SO50785,BK-M68S-46,15785,20121129,20121206,20121211,2071,1,2071
SO50786,BK-M68S-46,15797,20121129,20121206,20121211,2071,1,2071
SO50787,BK-M68B-38,15800,20121129,20121206,20121211,2049,1,2049
SO50788,BK-M68S-42,27575,20121130,20121207,20121212,2071,1,2071
SO50789,BK-M68S-38,13553,20121130,20121207,20121212,2071,1,2071
SO50790,BK-R50R-58,21509,20121130,20121207,20121212,783,1,783
SO50791,BK-R50B-48,15969,20121130,20121207,20121212,783,1,783
SO50792,BK-R50R-60,15972,20121130,20121207,20121212,783,1,783
SO50793,BK-R64Y-40,14457,20121130,20121207,20121212,1000,1,1000
SO50794,BK-R50R-48,27488,20121130,20121207,20121212,783,1,783
SO50795,BK-R50R-62,27489,20121130,20121207,20121212,783,1,783
SO50796,BK-R50B-52,27490,20121130,20121207,20121212,783,1,783
SO50797,BK-R89B-44,17964,20121201,20121208,20121213,2182,1,2182
SO50798,BK-R64Y-44,17900,20121201,20121208,20121213,1000,1,1000
SO50799,BK-R50R-48,21016,20121201,20121208,20121213,783,1,783
SO50800,BK-M68B-46,11590,20121201,20121208,20121213,2049,1,2049
SO50801,BK-R50B-60,15989,20121201,20121208,20121213,783,1,783
SO50802,BK-R64Y-42,14494,20121201,20121208,20121213,1000,1,1000
SO50803,BK-M68B-46,15789,20121201,20121208,20121213,2049,1,2049
SO50804,BK-R89B-58,24466,20121201,20121208,20121213,2182,1,2182
SO50805,BK-R64Y-42,14471,20121201,20121208,20121213,1000,1,1000
SO50806,BK-R89R-44,17980,20121202,20121209,20121214,2443,1,2443
SO50807,BK-M68B-42,11433,20121202,20121209,20121214,2049,1,2049
SO50808,BK-M68S-38,11546,20121202,20121209,20121214,2071,1,2071
SO50809,BK-R64Y-44,14484,20121202,20121209,20121214,1000,1,1000
SO50810,BK-R50R-62,27483,20121202,20121209,20121214,783,1,783
SO50811,BK-R50B-62,27493,20121202,20121209,20121214,783,1,783
SO50812,BK-R50R-62,27498,20121202,20121209,20121214,783,1,783
SO50813,BK-M68B-42,13255,20121202,20121209,20121214,2049,1,2049
SO50814,BK-M68S-46,27547,20121203,20121210,20121215,2071,1,2071
SO50815,BK-M68S-42,21658,20121203,20121210,20121215,2071,1,2071
SO50816,BK-R64Y-44,17944,20121203,20121210,20121215,1000,1,1000
SO50817,BK-R89B-58,17989,20121203,20121210,20121215,2182,1,2182
SO50818,BK-R89B-52,18019,20121203,20121210,20121215,2182,1,2182
SO50819,BK-M68S-42,15792,20121203,20121210,20121215,2071,1,2071
SO50820,BK-M68B-42,15808,20121203,20121210,20121215,2049,1,2049
SO50821,BK-M68S-46,16025,20121203,20121210,20121215,2071,1,2071
SO50822,BK-M68B-38,16031,20121203,20121210,20121215,2049,1,2049
SO50823,BK-R89B-44,24601,20121203,20121210,20121215,2182,1,2182
SO50824,BK-R50B-48,27499,20121203,20121210,20121215,783,1,783
SO50825,BK-M68S-38,27570,20121204,20121211,20121216,2071,1,2071
SO50826,BK-R89B-58,16476,20121204,20121211,20121216,2182,1,2182
SO50827,BK-R64Y-48,19917,20121204,20121211,20121216,1000,1,1000
SO50828,BK-M68B-38,13551,20121204,20121211,20121216,2049,1,2049
SO50829,BK-R50B-52,21540,20121204,20121211,20121216,783,1,783
SO50830,BK-R50B-58,27613,20121204,20121211,20121216,783,1,783
SO50831,BK-R50R-62,15961,20121204,20121211,20121216,783,1,783
SO50832,BK-R64Y-38,14477,20121204,20121211,20121216,1000,1,1000
SO50833,BK-M68S-42,15754,20121204,20121211,20121216,2071,1,2071
SO50834,BK-R89R-48,24598,20121204,20121211,20121216,2443,1,2443
SO50835,BK-R89B-44,24474,20121204,20121211,20121216,2182,1,2182
SO50836,BK-M68B-38,27535,20121205,20121212,20121217,2049,1,2049
SO50837,BK-M68S-38,27537,20121205,20121212,20121217,2071,1,2071
SO50838,BK-M68S-38,27573,20121205,20121212,20121217,2071,1,2071
SO50839,BK-R64Y-48,19918,20121205,20121212,20121217,1000,1,1000
SO50840,BK-R89R-58,16436,20121205,20121212,20121217,2182,1,2182
SO50841,BK-R89B-58,19032,20121205,20121212,20121217,2182,1,2182
SO50842,BK-M68S-46,11479,20121205,20121212,20121217,2071,1,2071
SO50843,BK-M68B-46,12852,20121205,20121212,20121217,2049,1,2049
SO50844,BK-R50R-44,19503,20121205,20121212,20121217,783,1,783
SO50845,BK-R89B-48,13947,20121205,20121212,20121217,2182,1,2182
SO50846,BK-R89R-44,13979,20121205,20121212,20121217,2443,1,2443
SO50847,BK-R50R-62,15953,20121205,20121212,20121217,783,1,783
SO50848,BK-R50B-60,15986,20121205,20121212,20121217,783,1,783
SO50849,BK-M68B-38,16026,20121205,20121212,20121217,2049,1,2049
SO50850,BK-M68B-42,16155,20121205,20121212,20121217,2049,1,2049
SO50851,BK-R89R-48,24596,20121205,20121212,20121217,2443,1,2443
SO50852,BK-M68B-46,15831,20121205,20121212,20121217,2049,1,2049
SO50853,BK-M68S-46,27542,20121206,20121213,20121218,2071,1,2071
SO50854,BK-M68B-38,27551,20121206,20121213,20121218,2049,1,2049
SO50855,BK-M68B-38,27558,20121206,20121213,20121218,2049,1,2049
SO50856,BK-R64Y-38,17949,20121206,20121213,20121218,1000,1,1000
SO50857,BK-M68B-42,16158,20121206,20121213,20121218,2049,1,2049
SO50858,BK-M68S-46,16163,20121206,20121213,20121218,2071,1,2071
SO50859,BK-R89R-44,24502,20121206,20121213,20121218,2443,1,2443
SO50860,BK-M68S-38,27504,20121207,20121214,20121219,2071,1,2071
SO50861,BK-M68S-46,27534,20121207,20121214,20121219,2071,1,2071
SO50862,BK-M68S-46,27541,20121207,20121214,20121219,2071,1,2071
SO50863,BK-M68S-46,27552,20121207,20121214,20121219,2071,1,2071
SO50864,BK-M68S-46,13411,20121207,20121214,20121219,2071,1,2071
SO50865,BK-M68B-46,11582,20121207,20121214,20121219,2049,1,2049
SO50866,BK-R50B-58,15991,20121207,20121214,20121219,783,1,783
SO50867,BK-R50B-52,15964,20121207,20121214,20121219,783,1,783
SO50868,BK-R64Y-40,14473,20121207,20121214,20121219,1000,1,1000
SO50869,BK-R64Y-38,25225,20121207,20121214,20121219,1000,1,1000
SO50870,BK-M68S-38,15764,20121207,20121214,20121219,2071,1,2071
SO50871,BK-M68S-38,16027,20121207,20121214,20121219,2071,1,2071
SO50872,BK-R89B-58,24597,20121207,20121214,20121219,2182,1,2182
SO50873,BK-R89B-52,24463,20121207,20121214,20121219,2182,1,2182
SO50874,BK-R89R-44,16570,20121208,20121215,20121220,2443,1,2443
SO50875,BK-M68B-46,12829,20121208,20121215,20121220,2049,1,2049
SO50876,BK-M68S-46,12827,20121208,20121215,20121220,2071,1,2071
SO50877,BK-M68S-38,12863,20121208,20121215,20121220,2071,1,2071
SO50878,BK-M68B-38,15733,20121208,20121215,20121220,2049,1,2049
SO50879,BK-M68S-46,15752,20121208,20121215,20121220,2071,1,2071
SO50880,BK-R89B-58,24467,20121208,20121215,20121220,2182,1,2182
SO50881,BK-R89R-44,24480,20121208,20121215,20121220,2443,1,2443
SO50882,BK-R50B-52,27473,20121208,20121215,20121220,783,1,783
SO50883,BK-R89B-48,18045,20121208,20121215,20121220,2182,1,2182
SO50884,BK-M68B-46,27543,20121209,20121216,20121221,2049,1,2049
SO50885,BK-M68S-42,27572,20121209,20121216,20121221,2071,1,2071
SO50886,BK-R89R-52,19048,20121209,20121216,20121221,2443,1,2443
SO50887,BK-R89B-48,16596,20121209,20121216,20121221,2182,1,2182
SO50888,BK-R64Y-38,19916,20121209,20121216,20121221,1000,1,1000
SO50889,BK-M68S-38,11572,20121209,20121216,20121221,2071,1,2071
SO50890,BK-R89R-44,13984,20121209,20121216,20121221,2443,1,2443
SO50891,BK-R50B-44,15976,20121209,20121216,20121221,783,1,783
SO50892,BK-M68B-42,15753,20121209,20121216,20121221,2049,1,2049
SO50893,BK-M68S-38,16028,20121209,20121216,20121221,2071,1,2071
SO50894,BK-M68B-38,16160,20121209,20121216,20121221,2049,1,2049
SO50895,BK-M68B-42,27555,20121210,20121217,20121222,2049,1,2049
SO50896,BK-M68S-42,27569,20121210,20121217,20121222,2071,1,2071
SO50897,BK-M68S-38,11432,20121210,20121217,20121222,2071,1,2071
SO50898,BK-R89R-58,13948,20121210,20121217,20121222,2182,1,2182
SO50899,BK-R50B-58,15983,20121210,20121217,20121222,783,1,783
SO50900,BK-R64Y-42,25235,20121210,20121217,20121222,1000,1,1000
SO50901,BK-M68S-38,15833,20121210,20121217,20121222,2071,1,2071
SO50902,BK-R89R-44,24506,20121210,20121217,20121222,2443,1,2443
SO50903,BK-R89R-52,24586,20121210,20121217,20121222,2443,1,2443
SO50904,BK-R89B-58,24590,20121210,20121217,20121222,2182,1,2182
SO50905,BK-M68S-38,27576,20121211,20121218,20121223,2071,1,2071
SO50906,BK-R89B-58,17947,20121211,20121218,20121223,2182,1,2182
SO50907,BK-R64Y-42,17894,20121211,20121218,20121223,1000,1,1000
SO50908,BK-M68B-38,13254,20121211,20121218,20121223,2049,1,2049
SO50909,BK-M68S-46,13554,20121211,20121218,20121223,2071,1,2071
SO50910,BK-R50B-52,21035,20121211,20121218,20121223,783,1,783
SO50911,BK-M68S-46,12867,20121211,20121218,20121223,2071,1,2071
SO50912,BK-R64Y-38,25231,20121211,20121218,20121223,1000,1,1000
SO50913,BK-R89R-44,24481,20121211,20121218,20121223,2443,1,2443
SO50914,BK-R50B-52,27484,20121211,20121218,20121223,783,1,783
SO50915,BK-R50B-58,27492,20121211,20121218,20121223,783,1,783
SO50916,BK-M68S-42,27531,20121212,20121219,20121224,2071,1,2071
SO50917,BK-R89B-58,16533,20121212,20121219,20121224,2182,1,2182
SO50918,BK-R89R-44,16547,20121212,20121219,20121224,2443,1,2443
SO50919,BK-R89B-58,18027,20121212,20121219,20121224,2182,1,2182
SO50920,BK-M68S-46,11571,20121212,20121219,20121224,2071,1,2071
SO50921,BK-R50B-60,21517,20121212,20121219,20121224,783,1,783
SO50922,BK-R50B-48,21037,20121212,20121219,20121224,783,1,783
SO50923,BK-R50B-58,15984,20121212,20121219,20121224,783,1,783
SO50924,BK-M68S-46,15732,20121212,20121219,20121224,2071,1,2071
SO50925,BK-M68S-46,15790,20121212,20121219,20121224,2071,1,2071
SO50926,BK-M68S-42,15799,20121212,20121219,20121224,2071,1,2071
SO50927,BK-R89R-52,24504,20121212,20121219,20121224,2443,1,2443
SO50928,BK-R89R-58,24592,20121212,20121219,20121224,2182,1,2182
SO50929,BK-R64Y-48,25242,20121212,20121219,20121224,1000,1,1000
SO50930,BK-R64Y-38,17950,20121213,20121220,20121225,1000,1,1000
SO50931,BK-R89B-58,16569,20121213,20121220,20121225,2182,1,2182
SO50932,BK-R64Y-40,17885,20121213,20121220,20121225,1000,1,1000
SO50933,BK-R50B-48,19922,20121213,20121220,20121225,783,1,783
SO50934,BK-M68S-38,13256,20121213,20121220,20121225,2071,1,2071
SO50935,BK-R50R-58,15980,20121213,20121220,20121225,783,1,783
SO50936,BK-R89R-52,24605,20121213,20121220,20121225,2443,1,2443
SO50937,BK-M68S-46,27508,20121214,20121221,20121226,2071,1,2071
SO50938,BK-R89B-58,17983,20121214,20121221,20121226,2182,1,2182
SO50939,BK-R64Y-48,17897,20121214,20121221,20121226,1000,1,1000
SO50940,BK-M68B-42,13408,20121214,20121221,20121226,2049,1,2049
SO50941,BK-R50B-62,19517,20121214,20121221,20121226,783,1,783
SO50942,BK-M68S-42,11429,20121214,20121221,20121226,2071,1,2071
SO50943,BK-M68B-38,15784,20121214,20121221,20121226,2049,1,2049
SO50944,BK-M68B-42,16169,20121214,20121221,20121226,2049,1,2049
SO50945,BK-R89R-58,24478,20121214,20121221,20121226,2182,1,2182
SO50946,BK-R64Y-40,25243,20121214,20121221,20121226,1000,1,1000
SO50947,BK-M68S-38,27527,20121215,20121222,20121227,2071,1,2071
SO50948,BK-R89R-52,19037,20121215,20121222,20121227,2443,1,2443
SO50949,BK-R89R-48,19070,20121215,20121222,20121227,2443,1,2443
SO50950,BK-M68S-42,11576,20121215,20121222,20121227,2071,1,2071
SO50951,BK-M68S-46,13557,20121215,20121222,20121227,2071,1,2071
SO50952,BK-R50B-62,15994,20121215,20121222,20121227,783,1,783
SO50953,BK-R64Y-44,14464,20121215,20121222,20121227,1000,1,1000
SO50954,BK-M68B-38,16161,20121215,20121222,20121227,2049,1,2049
SO50955,BK-M68S-42,27468,20121216,20121223,20121228,2071,1,2071
SO50956,BK-M68S-42,27554,20121216,20121223,20121228,2071,1,2071
SO50957,BK-R64Y-40,17932,20121216,20121223,20121228,1000,1,1000
SO50958,BK-R89B-48,16548,20121216,20121223,20121228,2182,1,2182
SO50959,BK-R89B-58,16560,20121216,20121223,20121228,2182,1,2182
SO50960,BK-R89B-48,17986,20121216,20121223,20121228,2182,1,2182
SO50961,BK-R89R-44,16580,20121216,20121223,20121228,2443,1,2443
SO50962,BK-R89B-52,16937,20121216,20121223,20121228,2182,1,2182
SO50963,BK-M68B-46,13404,20121216,20121223,20121228,2049,1,2049
SO50964,BK-M68S-46,12858,20121216,20121223,20121228,2071,1,2071
SO50965,BK-R50R-48,15952,20121216,20121223,20121228,783,1,783
SO50966,BK-R50R-58,15954,20121216,20121223,20121228,783,1,783
SO50967,BK-R50R-58,15965,20121216,20121223,20121228,783,1,783
SO50968,BK-R50R-48,15968,20121216,20121223,20121228,783,1,783
SO50969,BK-M68S-46,27460,20121217,20121224,20121229,2071,1,2071
SO50970,BK-M68B-46,27574,20121217,20121224,20121229,2049,1,2049
SO50971,BK-R50B-62,21545,20121217,20121224,20121229,783,1,783
SO50972,BK-R64Y-38,25229,20121217,20121224,20121229,1000,1,1000
SO50973,BK-R50B-48,27602,20121217,20121224,20121229,783,1,783
SO50974,BK-R64Y-38,14470,20121217,20121224,20121229,1000,1,1000
SO50975,BK-M68S-46,15788,20121217,20121224,20121229,2071,1,2071
SO50976,BK-M68B-42,15793,20121217,20121224,20121229,2049,1,2049
SO50977,BK-M68S-46,16157,20121217,20121224,20121229,2071,1,2071
SO50978,BK-R89R-48,24503,20121217,20121224,20121229,2443,1,2443
SO50979,BK-M68B-46,27459,20121218,20121225,20121230,2049,1,2049
SO50980,BK-M68S-42,27540,20121218,20121225,20121230,2071,1,2071
SO50981,BK-R89R-44,19031,20121218,20121225,20121230,2443,1,2443
SO50982,BK-R89R-52,19073,20121218,20121225,20121230,2443,1,2443
SO50983,BK-R50R-58,21516,20121218,20121225,20121230,783,1,783
SO50984,BK-R50B-62,19902,20121218,20121225,20121230,783,1,783
SO50985,BK-R64Y-38,14481,20121218,20121225,20121230,1000,1,1000
SO50986,BK-R64Y-40,14485,20121218,20121225,20121230,1000,1,1000
SO50987,BK-R64Y-44,14495,20121218,20121225,20121230,1000,1,1000
SO50988,BK-M68B-46,16164,20121218,20121225,20121230,2049,1,2049
SO50989,BK-R89R-58,24482,20121218,20121225,20121230,2182,1,2182
SO50990,BK-R89B-52,24505,20121218,20121225,20121230,2182,1,2182
SO50991,BK-R89B-52,24585,20121218,20121225,20121230,2182,1,2182
SO50992,BK-R50B-62,27471,20121218,20121225,20121230,783,1,783
SO50993,BK-R50B-44,27472,20121218,20121225,20121230,783,1,783
SO50994,BK-R50B-58,27485,20121218,20121225,20121230,783,1,783
SO50995,BK-M68B-42,27523,20121219,20121226,20121231,2049,1,2049
SO50996,BK-M68S-46,27544,20121219,20121226,20121231,2071,1,2071
SO50997,BK-R89R-48,17984,20121219,20121226,20121231,2443,1,2443
SO50998,BK-R64Y-38,19316,20121219,20121226,20121231,1000,1,1000
SO50999,BK-R50R-48,19504,20121219,20121226,20121231,783,1,783
SO51000,BK-R50B-52,27470,20121219,20121226,20121231,783,1,783